{"0": 0.05825242718446602, "1": 0.038834951456310676, "2": 0.009708737864077669, "3": 0.009708737864077669, "4": 0.038834951456310676, "5": 0.05825242718446602, "6": 0.1941747572815534, "7": 0.22330097087378642, "8": 0.4077669902912621, "9": 0.39805825242718446, "10": 0.4563106796116505, "11": 0.3786407766990291, "12": 0.4077669902912621, "13": 0.39805825242718446, "14": 0.49514563106796117, "15": 0.5242718446601942, "16": 0.5145631067961165, "17": 0.5242718446601942, "18": 0.5631067961165048, "19": 0.46601941747572817, "20": 0.3883495145631068, "21": 0.2912621359223301, "22": 0.22330097087378642, "23": 0.1650485436893204, "24": 0.20388349514563106, "25": 0.21359223300970873, "26": 0.21359223300970873, "27": 0.1941747572815534, "28": 0.10679611650485436, "29": 0.04854368932038835, "30": 0.019417475728155338, "31": 0.009708737864077669, "32": 0.009708737864077669}