{"0": 0.0, "1": 0.0, "2": 0.0, "3": 0.0, "4": 0.0, "5": 0.0, "6": 0.02912621359223301, "7": 0.1262135922330097, "8": 0.2524271844660194, "9": 0.33980582524271846, "10": 0.2524271844660194, "11": 0.23300970873786409, "12": 0.2524271844660194, "13": 0.20388349514563106, "14": 0.2912621359223301, "15": 0.36893203883495146, "16": 0.5533980582524272, "17": 0.6213592233009708, "18": 0.6893203883495146, "19": 0.5922330097087378, "20": 0.4854368932038835, "21": 0.47572815533980584, "22": 0.42718446601941745, "23": 0.3106796116504854, "24": 0.23300970873786409, "25": 0.20388349514563106, "26": 0.23300970873786409, "27": 0.22330097087378642, "28": 0.08737864077669903, "29": 0.13592233009708737, "30": 0.06796116504854369, "31": 0.038834951456310676, "32": 0.0}