{"0": 0.0, "1": 0.0, "2": 0.0, "3": 0.0, "4": 0.0, "5": 0.0, "6": 0.0, "7": 0.019417475728155338, "8": 0.038834951456310676, "9": 0.038834951456310676, "10": 0.038834951456310676, "11": 0.009708737864077669, "12": 0.0, "13": 0.0, "14": 0.0, "15": 0.0, "16": 0.009708737864077669, "17": 0.038834951456310676, "18": 0.02912621359223301, "19": 0.05825242718446602, "20": 0.05825242718446602, "21": 0.04854368932038835, "22": 0.02912621359223301, "23": 0.009708737864077669, "24": 0.009708737864077669, "25": 0.009708737864077669, "26": 0.009708737864077669, "27": 0.009708737864077669, "28": 0.009708737864077669, "29": 0.009708737864077669, "30": 0.009708737864077669, "31": 0.0, "32": 0.0}