{"0": 0.0, "1": 0.0, "2": 0.0, "3": 0.0, "4": 0.0, "5": 0.0, "6": 0.019417475728155338, "7": 0.06796116504854369, "8": 0.11650485436893204, "9": 0.1262135922330097, "10": 0.11650485436893204, "11": 0.0970873786407767, "12": 0.0970873786407767, "13": 0.05825242718446602, "14": 0.1262135922330097, "15": 0.24271844660194175, "16": 0.39805825242718446, "17": 0.5825242718446602, "18": 0.6601941747572816, "19": 0.6310679611650486, "20": 0.5825242718446602, "21": 0.5242718446601942, "22": 0.5145631067961165, "23": 0.4174757281553398, "24": 0.3592233009708738, "25": 0.34951456310679613, "26": 0.36893203883495146, "27": 0.4077669902912621, "28": 0.24271844660194175, "29": 0.27184466019417475, "30": 0.11650485436893204, "31": 0.02912621359223301, "32": 0.0}