{"0": 0.0, "1": 0.0, "2": 0.0, "3": 0.0, "4": 0.0, "5": 0.0, "6": 0.0, "7": 0.0, "8": 0.009708737864077669, "9": 0.009708737864077669, "10": 0.02912621359223301, "11": 0.02912621359223301, "12": 0.019417475728155338, "13": 0.009708737864077669, "14": 0.0, "15": 0.0, "16": 0.019417475728155338, "17": 0.019417475728155338, "18": 0.019417475728155338, "19": 0.009708737864077669, "20": 0.009708737864077669, "21": 0.0, "22": 0.009708737864077669, "23": 0.009708737864077669, "24": 0.009708737864077669, "25": 0.009708737864077669, "26": 0.009708737864077669, "27": 0.0, "28": 0.0, "29": 0.0, "30": 0.0, "31": 0.009708737864077669, "32": 0.0}