{"0": 0.0, "1": 0.0, "2": 0.0, "3": 0.0, "4": 0.0, "5": 0.0, "6": 0.009708737864077669, "7": 0.019417475728155338, "8": 0.02912621359223301, "9": 0.05825242718446602, "10": 0.07766990291262135, "11": 0.08737864077669903, "12": 0.06796116504854369, "13": 0.04854368932038835, "14": 0.038834951456310676, "15": 0.08737864077669903, "16": 0.0970873786407767, "17": 0.14563106796116504, "18": 0.17475728155339806, "19": 0.08737864077669903, "20": 0.06796116504854369, "21": 0.009708737864077669, "22": 0.0, "23": 0.0, "24": 0.0, "25": 0.0, "26": 0.0, "27": 0.0, "28": 0.0, "29": 0.0, "30": 0.0, "31": 0.0, "32": 0.0}