{"0": 0.009708737864077669, "1": 0.009708737864077669, "2": 0.009708737864077669, "3": 0.009708737864077669, "4": 0.019417475728155338, "5": 0.06796116504854369, "6": 0.32038834951456313, "7": 0.4077669902912621, "8": 0.6504854368932039, "9": 0.6407766990291263, "10": 0.6116504854368932, "11": 0.5922330097087378, "12": 0.5825242718446602, "13": 0.5825242718446602, "14": 0.6601941747572816, "15": 0.6796116504854369, "16": 0.7281553398058253, "17": 0.7961165048543689, "18": 0.8252427184466019, "19": 0.7669902912621359, "20": 0.6893203883495146, "21": 0.6310679611650486, "22": 0.5728155339805825, "23": 0.4854368932038835, "24": 0.4854368932038835, "25": 0.5242718446601942, "26": 0.5242718446601942, "27": 0.5242718446601942, "28": 0.44660194174757284, "29": 0.3786407766990291, "30": 0.2815533980582524, "31": 0.4174757281553398, "32": 0.0}