{"0": 0.02912621359223301, "1": 0.02912621359223301, "2": 0.019417475728155338, "3": 0.019417475728155338, "4": 0.05825242718446602, "5": 0.11650485436893204, "6": 0.3883495145631068, "7": 0.47572815533980584, "8": 0.6601941747572816, "9": 0.6796116504854369, "10": 0.6796116504854369, "11": 0.5825242718446602, "12": 0.5631067961165048, "13": 0.5145631067961165, "14": 0.5728155339805825, "15": 0.5533980582524272, "16": 0.6116504854368932, "17": 0.6601941747572816, "18": 0.6990291262135923, "19": 0.5825242718446602, "20": 0.5339805825242718, "21": 0.5048543689320388, "22": 0.46601941747572817, "23": 0.3883495145631068, "24": 0.4368932038834951, "25": 0.46601941747572817, "26": 0.44660194174757284, "27": 0.4368932038834951, "28": 0.3300970873786408, "29": 0.32038834951456313, "30": 0.24271844660194175, "31": 0.22330097087378642, "32": 0.038834951456310676}