{"0": 0.009708737864077669, "1": 0.009708737864077669, "2": 0.0, "3": 0.0, "4": 0.009708737864077669, "5": 0.019417475728155338, "6": 0.019417475728155338, "7": 0.038834951456310676, "8": 0.04854368932038835, "9": 0.06796116504854369, "10": 0.08737864077669903, "11": 0.10679611650485436, "12": 0.06796116504854369, "13": 0.0970873786407767, "14": 0.10679611650485436, "15": 0.10679611650485436, "16": 0.10679611650485436, "17": 0.13592233009708737, "18": 0.08737864077669903, "19": 0.04854368932038835, "20": 0.02912621359223301, "21": 0.02912621359223301, "22": 0.019417475728155338, "23": 0.019417475728155338, "24": 0.02912621359223301, "25": 0.019417475728155338, "26": 0.019417475728155338, "27": 0.019417475728155338, "28": 0.02912621359223301, "29": 0.019417475728155338, "30": 0.019417475728155338, "31": 0.019417475728155338, "32": 0.0}