{"0": 0.019417475728155338, "1": 0.009708737864077669, "2": 0.009708737864077669, "3": 0.009708737864077669, "4": 0.009708737864077669, "5": 0.05825242718446602, "6": 0.2621359223300971, "7": 0.34951456310679613, "8": 0.5533980582524272, "9": 0.5242718446601942, "10": 0.46601941747572817, "11": 0.4368932038834951, "12": 0.4368932038834951, "13": 0.4174757281553398, "14": 0.5145631067961165, "15": 0.4854368932038835, "16": 0.5825242718446602, "17": 0.6504854368932039, "18": 0.6796116504854369, "19": 0.5922330097087378, "20": 0.5242718446601942, "21": 0.4563106796116505, "22": 0.39805825242718446, "23": 0.3106796116504854, "24": 0.32038834951456313, "25": 0.33980582524271846, "26": 0.33980582524271846, "27": 0.33980582524271846, "28": 0.3106796116504854, "29": 0.30097087378640774, "30": 0.18446601941747573, "31": 0.17475728155339806, "32": 0.02912621359223301}