{"0": 0.038834951456310676, "1": 0.019417475728155338, "2": 0.009708737864077669, "3": 0.0, "4": 0.04854368932038835, "5": 0.13592233009708737, "6": 0.36893203883495146, "7": 0.4368932038834951, "8": 0.6796116504854369, "9": 0.7087378640776699, "10": 0.6019417475728155, "11": 0.5728155339805825, "12": 0.5533980582524272, "13": 0.5339805825242718, "14": 0.5922330097087378, "15": 0.6310679611650486, "16": 0.6601941747572816, "17": 0.6893203883495146, "18": 0.7378640776699029, "19": 0.6310679611650486, "20": 0.5631067961165048, "21": 0.5242718446601942, "22": 0.44660194174757284, "23": 0.3786407766990291, "24": 0.39805825242718446, "25": 0.46601941747572817, "26": 0.4563106796116505, "27": 0.4368932038834951, "28": 0.4368932038834951, "29": 0.4174757281553398, "30": 0.2912621359223301, "31": 0.23300970873786409, "32": 0.05825242718446602}