{"0": 0.07766990291262135, "1": 0.04854368932038835, "2": 0.038834951456310676, "3": 0.02912621359223301, "4": 0.02912621359223301, "5": 0.0970873786407767, "6": 0.2621359223300971, "7": 0.30097087378640774, "8": 0.5242718446601942, "9": 0.47572815533980584, "10": 0.42718446601941745, "11": 0.3592233009708738, "12": 0.34951456310679613, "13": 0.30097087378640774, "14": 0.33980582524271846, "15": 0.34951456310679613, "16": 0.47572815533980584, "17": 0.5145631067961165, "18": 0.5631067961165048, "19": 0.49514563106796117, "20": 0.3592233009708738, "21": 0.2912621359223301, "22": 0.23300970873786409, "23": 0.20388349514563106, "24": 0.1941747572815534, "25": 0.23300970873786409, "26": 0.21359223300970873, "27": 0.21359223300970873, "28": 0.22330097087378642, "29": 0.18446601941747573, "30": 0.1262135922330097, "31": 0.10679611650485436, "32": 0.038834951456310676}