{"0": 0.0, "1": 0.0, "2": 0.0, "3": 0.0, "4": 0.0, "5": 0.0, "6": 0.05825242718446602, "7": 0.06796116504854369, "8": 0.14563106796116504, "9": 0.27184466019417475, "10": 0.20388349514563106, "11": 0.1941747572815534, "12": 0.17475728155339806, "13": 0.1650485436893204, "14": 0.23300970873786409, "15": 0.3106796116504854, "16": 0.3592233009708738, "17": 0.5145631067961165, "18": 0.5339805825242718, "19": 0.5145631067961165, "20": 0.44660194174757284, "21": 0.4077669902912621, "22": 0.3592233009708738, "23": 0.33980582524271846, "24": 0.33980582524271846, "25": 0.3786407766990291, "26": 0.3883495145631068, "27": 0.36893203883495146, "28": 0.32038834951456313, "29": 0.32038834951456313, "30": 0.1941747572815534, "31": 0.20388349514563106, "32": 0.009708737864077669}