{"0": 0.009708737864077669, "1": 0.019417475728155338, "2": 0.009708737864077669, "3": 0.009708737864077669, "4": 0.009708737864077669, "5": 0.009708737864077669, "6": 0.02912621359223301, "7": 0.038834951456310676, "8": 0.05825242718446602, "9": 0.06796116504854369, "10": 0.06796116504854369, "11": 0.04854368932038835, "12": 0.04854368932038835, "13": 0.05825242718446602, "14": 0.0970873786407767, "15": 0.08737864077669903, "16": 0.21359223300970873, "17": 0.1553398058252427, "18": 0.14563106796116504, "19": 0.06796116504854369, "20": 0.02912621359223301, "21": 0.02912621359223301, "22": 0.02912621359223301, "23": 0.02912621359223301, "24": 0.02912621359223301, "25": 0.02912621359223301, "26": 0.02912621359223301, "27": 0.02912621359223301, "28": 0.019417475728155338, "29": 0.009708737864077669, "30": 0.009708737864077669, "31": 0.019417475728155338, "32": 0.0}