{"0": 0.009708737864077669, "1": 0.009708737864077669, "2": 0.0, "3": 0.0, "4": 0.0, "5": 0.0, "6": 0.07766990291262135, "7": 0.14563106796116504, "8": 0.30097087378640774, "9": 0.3106796116504854, "10": 0.3300970873786408, "11": 0.2912621359223301, "12": 0.24271844660194175, "13": 0.20388349514563106, "14": 0.2912621359223301, "15": 0.3300970873786408, "16": 0.34951456310679613, "17": 0.3786407766990291, "18": 0.4077669902912621, "19": 0.23300970873786409, "20": 0.21359223300970873, "21": 0.18446601941747573, "22": 0.18446601941747573, "23": 0.14563106796116504, "24": 0.1262135922330097, "25": 0.11650485436893204, "26": 0.14563106796116504, "27": 0.10679611650485436, "28": 0.11650485436893204, "29": 0.10679611650485436, "30": 0.019417475728155338, "31": 0.019417475728155338, "32": 0.0}