{"0": 0.05825242718446602, "1": 0.038834951456310676, "2": 0.009708737864077669, "3": 0.019417475728155338, "4": 0.13592233009708737, "5": 0.24271844660194175, "6": 0.46601941747572817, "7": 0.5922330097087378, "8": 0.7961165048543689, "9": 0.8058252427184466, "10": 0.8058252427184466, "11": 0.7766990291262136, "12": 0.7572815533980582, "13": 0.7281553398058253, "14": 0.7961165048543689, "15": 0.8155339805825242, "16": 0.8446601941747572, "17": 0.883495145631068, "18": 0.9029126213592233, "19": 0.8640776699029126, "20": 0.8446601941747572, "21": 0.8446601941747572, "22": 0.8252427184466019, "23": 0.7378640776699029, "24": 0.7281553398058253, "25": 0.7475728155339806, "26": 0.7572815533980582, "27": 0.7669902912621359, "28": 0.7572815533980582, "29": 0.7475728155339806, "30": 0.6893203883495146, "31": 0.6504854368932039, "32": 0.13592233009708737}