{"0": 0.009708737864077669, "1": 0.009708737864077669, "2": 0.009708737864077669, "3": 0.009708737864077669, "4": 0.009708737864077669, "5": 0.009708737864077669, "6": 0.009708737864077669, "7": 0.009708737864077669, "8": 0.02912621359223301, "9": 0.038834951456310676, "10": 0.04854368932038835, "11": 0.06796116504854369, "12": 0.06796116504854369, "13": 0.10679611650485436, "14": 0.10679611650485436, "15": 0.0970873786407767, "16": 0.1262135922330097, "17": 0.08737864077669903, "18": 0.08737864077669903, "19": 0.038834951456310676, "20": 0.02912621359223301, "21": 0.0, "22": 0.0, "23": 0.0, "24": 0.0, "25": 0.0, "26": 0.0, "27": 0.0, "28": 0.0, "29": 0.0, "30": 0.0, "31": 0.0, "32": 0.0}