{"0": 0.0, "1": 0.0, "2": 0.0, "3": 0.0, "4": 0.0, "5": 0.0, "6": 0.02912621359223301, "7": 0.06796116504854369, "8": 0.11650485436893204, "9": 0.24271844660194175, "10": 0.17475728155339806, "11": 0.14563106796116504, "12": 0.0970873786407767, "13": 0.08737864077669903, "14": 0.14563106796116504, "15": 0.1941747572815534, "16": 0.2815533980582524, "17": 0.3883495145631068, "18": 0.4174757281553398, "19": 0.3592233009708738, "20": 0.24271844660194175, "21": 0.1941747572815534, "22": 0.18446601941747573, "23": 0.1553398058252427, "24": 0.14563106796116504, "25": 0.1553398058252427, "26": 0.1262135922330097, "27": 0.14563106796116504, "28": 0.1262135922330097, "29": 0.14563106796116504, "30": 0.04854368932038835, "31": 0.05825242718446602, "32": 0.009708737864077669}