{"0": 0.0, "1": 0.0, "2": 0.0, "3": 0.0, "4": 0.009708737864077669, "5": 0.009708737864077669, "6": 0.019417475728155338, "7": 0.02912621359223301, "8": 0.0970873786407767, "9": 0.07766990291262135, "10": 0.10679611650485436, "11": 0.08737864077669903, "12": 0.05825242718446602, "13": 0.04854368932038835, "14": 0.07766990291262135, "15": 0.05825242718446602, "16": 0.0970873786407767, "17": 0.14563106796116504, "18": 0.14563106796116504, "19": 0.04854368932038835, "20": 0.038834951456310676, "21": 0.019417475728155338, "22": 0.009708737864077669, "23": 0.0, "24": 0.0, "25": 0.0, "26": 0.0, "27": 0.0, "28": 0.0, "29": 0.0, "30": 0.0, "31": 0.0, "32": 0.0}