{"0": 0.0, "1": 0.0, "2": 0.0, "3": 0.0, "4": 0.0, "5": 0.0, "6": 0.0, "7": 0.038834951456310676, "8": 0.06796116504854369, "9": 0.1262135922330097, "10": 0.1553398058252427, "11": 0.11650485436893204, "12": 0.0970873786407767, "13": 0.07766990291262135, "14": 0.0970873786407767, "15": 0.1553398058252427, "16": 0.17475728155339806, "17": 0.2815533980582524, "18": 0.3786407766990291, "19": 0.1941747572815534, "20": 0.17475728155339806, "21": 0.14563106796116504, "22": 0.07766990291262135, "23": 0.038834951456310676, "24": 0.04854368932038835, "25": 0.04854368932038835, "26": 0.04854368932038835, "27": 0.038834951456310676, "28": 0.038834951456310676, "29": 0.04854368932038835, "30": 0.02912621359223301, "31": 0.019417475728155338, "32": 0.0}