{"0": 0.009708737864077669, "1": 0.009708737864077669, "2": 0.0, "3": 0.0, "4": 0.0, "5": 0.038834951456310676, "6": 0.2524271844660194, "7": 0.36893203883495146, "8": 0.5048543689320388, "9": 0.49514563106796117, "10": 0.49514563106796117, "11": 0.4174757281553398, "12": 0.42718446601941745, "13": 0.39805825242718446, "14": 0.39805825242718446, "15": 0.42718446601941745, "16": 0.46601941747572817, "17": 0.46601941747572817, "18": 0.5436893203883495, "19": 0.44660194174757284, "20": 0.30097087378640774, "21": 0.2815533980582524, "22": 0.23300970873786409, "23": 0.1650485436893204, "24": 0.13592233009708737, "25": 0.13592233009708737, "26": 0.1262135922330097, "27": 0.13592233009708737, "28": 0.10679611650485436, "29": 0.08737864077669903, "30": 0.009708737864077669, "31": 0.009708737864077669, "32": 0.0}