{"0": 0.019417475728155338, "1": 0.009708737864077669, "2": 0.0, "3": 0.009708737864077669, "4": 0.019417475728155338, "5": 0.04854368932038835, "6": 0.1553398058252427, "7": 0.23300970873786409, "8": 0.47572815533980584, "9": 0.5145631067961165, "10": 0.42718446601941745, "11": 0.36893203883495146, "12": 0.3106796116504854, "13": 0.3300970873786408, "14": 0.49514563106796117, "15": 0.47572815533980584, "16": 0.5242718446601942, "17": 0.5631067961165048, "18": 0.5631067961165048, "19": 0.4563106796116505, "20": 0.34951456310679613, "21": 0.2912621359223301, "22": 0.20388349514563106, "23": 0.1553398058252427, "24": 0.1553398058252427, "25": 0.1650485436893204, "26": 0.18446601941747573, "27": 0.1650485436893204, "28": 0.14563106796116504, "29": 0.10679611650485436, "30": 0.05825242718446602, "31": 0.05825242718446602, "32": 0.02912621359223301}