{"0": 0.009708737864077669, "1": 0.009708737864077669, "2": 0.009708737864077669, "3": 0.009708737864077669, "4": 0.009708737864077669, "5": 0.02912621359223301, "6": 0.11650485436893204, "7": 0.18446601941747573, "8": 0.3786407766990291, "9": 0.44660194174757284, "10": 0.39805825242718446, "11": 0.32038834951456313, "12": 0.2815533980582524, "13": 0.2621359223300971, "14": 0.3592233009708738, "15": 0.5048543689320388, "16": 0.49514563106796117, "17": 0.5533980582524272, "18": 0.6019417475728155, "19": 0.4854368932038835, "20": 0.3883495145631068, "21": 0.2621359223300971, "22": 0.24271844660194175, "23": 0.1262135922330097, "24": 0.14563106796116504, "25": 0.27184466019417475, "26": 0.2621359223300971, "27": 0.22330097087378642, "28": 0.24271844660194175, "29": 0.2524271844660194, "30": 0.1262135922330097, "31": 0.1553398058252427, "32": 0.038834951456310676}