{"0": 0.009708737864077669, "1": 0.019417475728155338, "2": 0.0, "3": 0.0, "4": 0.009708737864077669, "5": 0.009708737864077669, "6": 0.04854368932038835, "7": 0.07766990291262135, "8": 0.17475728155339806, "9": 0.20388349514563106, "10": 0.24271844660194175, "11": 0.22330097087378642, "12": 0.20388349514563106, "13": 0.20388349514563106, "14": 0.2621359223300971, "15": 0.3592233009708738, "16": 0.3106796116504854, "17": 0.33980582524271846, "18": 0.33980582524271846, "19": 0.14563106796116504, "20": 0.11650485436893204, "21": 0.04854368932038835, "22": 0.05825242718446602, "23": 0.04854368932038835, "24": 0.05825242718446602, "25": 0.07766990291262135, "26": 0.06796116504854369, "27": 0.06796116504854369, "28": 0.08737864077669903, "29": 0.06796116504854369, "30": 0.02912621359223301, "31": 0.02912621359223301, "32": 0.0}