{"0": 0.04854368932038835, "1": 0.05825242718446602, "2": 0.019417475728155338, "3": 0.038834951456310676, "4": 0.0970873786407767, "5": 0.20388349514563106, "6": 0.4174757281553398, "7": 0.5048543689320388, "8": 0.7572815533980582, "9": 0.7864077669902912, "10": 0.7281553398058253, "11": 0.6116504854368932, "12": 0.6601941747572816, "13": 0.5631067961165048, "14": 0.6990291262135923, "15": 0.6601941747572816, "16": 0.7281553398058253, "17": 0.7669902912621359, "18": 0.8252427184466019, "19": 0.7475728155339806, "20": 0.7184466019417476, "21": 0.6990291262135923, "22": 0.6310679611650486, "23": 0.5242718446601942, "24": 0.5242718446601942, "25": 0.5631067961165048, "26": 0.5922330097087378, "27": 0.6019417475728155, "28": 0.5533980582524272, "29": 0.5242718446601942, "30": 0.44660194174757284, "31": 0.4174757281553398, "32": 0.02912621359223301}