{"0": 0.019417475728155338, "1": 0.0, "2": 0.0, "3": 0.0, "4": 0.0, "5": 0.0, "6": 0.0, "7": 0.0, "8": 0.0, "9": 0.0, "10": 0.0, "11": 0.0, "12": 0.009708737864077669, "13": 0.019417475728155338, "14": 0.009708737864077669, "15": 0.019417475728155338, "16": 0.02912621359223301, "17": 0.02912621359223301, "18": 0.019417475728155338, "19": 0.019417475728155338, "20": 0.019417475728155338, "21": 0.0, "22": 0.0, "23": 0.0, "24": 0.0, "25": 0.0, "26": 0.0, "27": 0.0, "28": 0.0, "29": 0.0, "30": 0.0, "31": 0.0, "32": 0.0}