{"0": 0.009708737864077669, "1": 0.0, "2": 0.0, "3": 0.0, "4": 0.0, "5": 0.009708737864077669, "6": 0.04854368932038835, "7": 0.0970873786407767, "8": 0.21359223300970873, "9": 0.3786407766990291, "10": 0.36893203883495146, "11": 0.2815533980582524, "12": 0.2815533980582524, "13": 0.23300970873786409, "14": 0.3300970873786408, "15": 0.3592233009708738, "16": 0.3883495145631068, "17": 0.4854368932038835, "18": 0.5145631067961165, "19": 0.46601941747572817, "20": 0.44660194174757284, "21": 0.33980582524271846, "22": 0.2912621359223301, "23": 0.1941747572815534, "24": 0.18446601941747573, "25": 0.21359223300970873, "26": 0.21359223300970873, "27": 0.18446601941747573, "28": 0.1262135922330097, "29": 0.13592233009708737, "30": 0.06796116504854369, "31": 0.18446601941747573, "32": 0.019417475728155338}