{"0": 0.0, "1": 0.009708737864077669, "2": 0.0, "3": 0.0, "4": 0.0, "5": 0.0, "6": 0.02912621359223301, "7": 0.02912621359223301, "8": 0.08737864077669903, "9": 0.0970873786407767, "10": 0.10679611650485436, "11": 0.11650485436893204, "12": 0.11650485436893204, "13": 0.1262135922330097, "14": 0.13592233009708737, "15": 0.14563106796116504, "16": 0.13592233009708737, "17": 0.13592233009708737, "18": 0.14563106796116504, "19": 0.06796116504854369, "20": 0.05825242718446602, "21": 0.02912621359223301, "22": 0.02912621359223301, "23": 0.038834951456310676, "24": 0.038834951456310676, "25": 0.04854368932038835, "26": 0.038834951456310676, "27": 0.019417475728155338, "28": 0.019417475728155338, "29": 0.019417475728155338, "30": 0.009708737864077669, "31": 0.009708737864077669, "32": 0.0}