{"0": 0.0, "1": 0.0, "2": 0.009708737864077669, "3": 0.009708737864077669, "4": 0.009708737864077669, "5": 0.009708737864077669, "6": 0.0, "7": 0.009708737864077669, "8": 0.009708737864077669, "9": 0.009708737864077669, "10": 0.009708737864077669, "11": 0.009708737864077669, "12": 0.009708737864077669, "13": 0.009708737864077669, "14": 0.009708737864077669, "15": 0.009708737864077669, "16": 0.0, "17": 0.0, "18": 0.009708737864077669, "19": 0.009708737864077669, "20": 0.009708737864077669, "21": 0.0, "22": 0.0, "23": 0.0, "24": 0.0, "25": 0.0, "26": 0.0, "27": 0.0, "28": 0.0, "29": 0.0, "30": 0.0, "31": 0.0, "32": 0.0}