{"0": 0.0, "1": 0.009708737864077669, "2": 0.0, "3": 0.0, "4": 0.009708737864077669, "5": 0.038834951456310676, "6": 0.20388349514563106, "7": 0.2621359223300971, "8": 0.44660194174757284, "9": 0.4563106796116505, "10": 0.39805825242718446, "11": 0.3786407766990291, "12": 0.33980582524271846, "13": 0.2912621359223301, "14": 0.4174757281553398, "15": 0.5048543689320388, "16": 0.5145631067961165, "17": 0.5533980582524272, "18": 0.6116504854368932, "19": 0.5145631067961165, "20": 0.3786407766990291, "21": 0.3883495145631068, "22": 0.36893203883495146, "23": 0.3106796116504854, "24": 0.2815533980582524, "25": 0.2524271844660194, "26": 0.24271844660194175, "27": 0.21359223300970873, "28": 0.1553398058252427, "29": 0.10679611650485436, "30": 0.08737864077669903, "31": 0.13592233009708737, "32": 0.0}