{"0": 0.0, "1": 0.009708737864077669, "2": 0.0, "3": 0.0, "4": 0.0, "5": 0.0, "6": 0.0, "7": 0.009708737864077669, "8": 0.02912621359223301, "9": 0.02912621359223301, "10": 0.02912621359223301, "11": 0.038834951456310676, "12": 0.05825242718446602, "13": 0.06796116504854369, "14": 0.10679611650485436, "15": 0.08737864077669903, "16": 0.10679611650485436, "17": 0.08737864077669903, "18": 0.06796116504854369, "19": 0.02912621359223301, "20": 0.009708737864077669, "21": 0.0, "22": 0.0, "23": 0.0, "24": 0.0, "25": 0.0, "26": 0.0, "27": 0.0, "28": 0.0, "29": 0.0, "30": 0.0, "31": 0.0, "32": 0.0}