{"0": 0.06796116504854369, "1": 0.06796116504854369, "2": 0.009708737864077669, "3": 0.02912621359223301, "4": 0.06796116504854369, "5": 0.14563106796116504, "6": 0.39805825242718446, "7": 0.5145631067961165, "8": 0.6990291262135923, "9": 0.6601941747572816, "10": 0.6504854368932039, "11": 0.6213592233009708, "12": 0.6116504854368932, "13": 0.5436893203883495, "14": 0.6699029126213593, "15": 0.7475728155339806, "16": 0.8058252427184466, "17": 0.8543689320388349, "18": 0.9029126213592233, "19": 0.8349514563106796, "20": 0.7766990291262136, "21": 0.6601941747572816, "22": 0.5922330097087378, "23": 0.5145631067961165, "24": 0.5533980582524272, "25": 0.5922330097087378, "26": 0.5922330097087378, "27": 0.5728155339805825, "28": 0.5728155339805825, "29": 0.5242718446601942, "30": 0.4368932038834951, "31": 0.3592233009708738, "32": 0.14563106796116504}