{"0": 0.07766990291262135, "1": 0.02912621359223301, "2": 0.019417475728155338, "3": 0.019417475728155338, "4": 0.04854368932038835, "5": 0.13592233009708737, "6": 0.42718446601941745, "7": 0.49514563106796117, "8": 0.6796116504854369, "9": 0.6601941747572816, "10": 0.6019417475728155, "11": 0.5631067961165048, "12": 0.5242718446601942, "13": 0.5048543689320388, "14": 0.5922330097087378, "15": 0.6019417475728155, "16": 0.6019417475728155, "17": 0.6504854368932039, "18": 0.6990291262135923, "19": 0.5631067961165048, "20": 0.5436893203883495, "21": 0.4854368932038835, "22": 0.3883495145631068, "23": 0.32038834951456313, "24": 0.34951456310679613, "25": 0.42718446601941745, "26": 0.39805825242718446, "27": 0.3883495145631068, "28": 0.4077669902912621, "29": 0.3883495145631068, "30": 0.33980582524271846, "31": 0.32038834951456313, "32": 0.02912621359223301}