{"0": 0.0, "1": 0.0, "2": 0.0, "3": 0.0, "4": 0.0, "5": 0.0, "6": 0.0, "7": 0.0, "8": 0.02912621359223301, "9": 0.009708737864077669, "10": 0.038834951456310676, "11": 0.009708737864077669, "12": 0.019417475728155338, "13": 0.02912621359223301, "14": 0.04854368932038835, "15": 0.07766990291262135, "16": 0.1262135922330097, "17": 0.18446601941747573, "18": 0.14563106796116504, "19": 0.11650485436893204, "20": 0.05825242718446602, "21": 0.038834951456310676, "22": 0.02912621359223301, "23": 0.009708737864077669, "24": 0.0, "25": 0.0, "26": 0.0, "27": 0.0, "28": 0.0, "29": 0.0, "30": 0.0, "31": 0.0, "32": 0.0}