{"0": 0.0, "1": 0.0, "2": 0.0, "3": 0.0, "4": 0.0, "5": 0.0, "6": 0.038834951456310676, "7": 0.06796116504854369, "8": 0.1941747572815534, "9": 0.3300970873786408, "10": 0.2524271844660194, "11": 0.21359223300970873, "12": 0.1553398058252427, "13": 0.14563106796116504, "14": 0.1553398058252427, "15": 0.18446601941747573, "16": 0.2621359223300971, "17": 0.33980582524271846, "18": 0.32038834951456313, "19": 0.17475728155339806, "20": 0.1262135922330097, "21": 0.08737864077669903, "22": 0.06796116504854369, "23": 0.05825242718446602, "24": 0.038834951456310676, "25": 0.04854368932038835, "26": 0.06796116504854369, "27": 0.02912621359223301, "28": 0.0, "29": 0.009708737864077669, "30": 0.0, "31": 0.02912621359223301, "32": 0.0}