{"0": 0.019417475728155338, "1": 0.019417475728155338, "2": 0.009708737864077669, "3": 0.019417475728155338, "4": 0.038834951456310676, "5": 0.08737864077669903, "6": 0.2815533980582524, "7": 0.3592233009708738, "8": 0.5728155339805825, "9": 0.6116504854368932, "10": 0.5825242718446602, "11": 0.5048543689320388, "12": 0.5048543689320388, "13": 0.5048543689320388, "14": 0.5631067961165048, "15": 0.5922330097087378, "16": 0.6407766990291263, "17": 0.6990291262135923, "18": 0.7572815533980582, "19": 0.6601941747572816, "20": 0.6213592233009708, "21": 0.5728155339805825, "22": 0.5242718446601942, "23": 0.46601941747572817, "24": 0.4563106796116505, "25": 0.5339805825242718, "26": 0.49514563106796117, "27": 0.47572815533980584, "28": 0.3786407766990291, "29": 0.42718446601941745, "30": 0.1941747572815534, "31": 0.1941747572815534, "32": 0.04854368932038835}