{"0": 0.009708737864077669, "1": 0.038834951456310676, "2": 0.009708737864077669, "3": 0.009708737864077669, "4": 0.05825242718446602, "5": 0.14563106796116504, "6": 0.36893203883495146, "7": 0.4563106796116505, "8": 0.6407766990291263, "9": 0.6796116504854369, "10": 0.6504854368932039, "11": 0.5339805825242718, "12": 0.5728155339805825, "13": 0.5631067961165048, "14": 0.6407766990291263, "15": 0.6601941747572816, "16": 0.6893203883495146, "17": 0.7572815533980582, "18": 0.7961165048543689, "19": 0.7281553398058253, "20": 0.6893203883495146, "21": 0.6699029126213593, "22": 0.6116504854368932, "23": 0.5825242718446602, "24": 0.5728155339805825, "25": 0.6116504854368932, "26": 0.6213592233009708, "27": 0.6019417475728155, "28": 0.5728155339805825, "29": 0.5436893203883495, "30": 0.5242718446601942, "31": 0.47572815533980584, "32": 0.0970873786407767}