{"0": 0.019417475728155338, "1": 0.009708737864077669, "2": 0.009708737864077669, "3": 0.009708737864077669, "4": 0.009708737864077669, "5": 0.038834951456310676, "6": 0.18446601941747573, "7": 0.3106796116504854, "8": 0.46601941747572817, "9": 0.47572815533980584, "10": 0.4854368932038835, "11": 0.49514563106796117, "12": 0.4368932038834951, "13": 0.3883495145631068, "14": 0.47572815533980584, "15": 0.47572815533980584, "16": 0.5436893203883495, "17": 0.5825242718446602, "18": 0.6019417475728155, "19": 0.44660194174757284, "20": 0.36893203883495146, "21": 0.32038834951456313, "22": 0.2815533980582524, "23": 0.21359223300970873, "24": 0.20388349514563106, "25": 0.2621359223300971, "26": 0.2621359223300971, "27": 0.2621359223300971, "28": 0.20388349514563106, "29": 0.1650485436893204, "30": 0.08737864077669903, "31": 0.06796116504854369, "32": 0.019417475728155338}