{"0": 0.019417475728155338, "1": 0.019417475728155338, "2": 0.019417475728155338, "3": 0.019417475728155338, "4": 0.07766990291262135, "5": 0.11650485436893204, "6": 0.4563106796116505, "7": 0.5825242718446602, "8": 0.7378640776699029, "9": 0.7475728155339806, "10": 0.7184466019417476, "11": 0.6990291262135923, "12": 0.7281553398058253, "13": 0.6893203883495146, "14": 0.7475728155339806, "15": 0.7766990291262136, "16": 0.8349514563106796, "17": 0.8446601941747572, "18": 0.8446601941747572, "19": 0.8252427184466019, "20": 0.7961165048543689, "21": 0.7961165048543689, "22": 0.7766990291262136, "23": 0.7475728155339806, "24": 0.7087378640776699, "25": 0.7378640776699029, "26": 0.7281553398058253, "27": 0.7087378640776699, "28": 0.6990291262135923, "29": 0.6601941747572816, "30": 0.6504854368932039, "31": 0.6407766990291263, "32": 0.05825242718446602}