{"0": 0.019417475728155338, "1": 0.009708737864077669, "2": 0.009708737864077669, "3": 0.019417475728155338, "4": 0.009708737864077669, "5": 0.04854368932038835, "6": 0.17475728155339806, "7": 0.2621359223300971, "8": 0.4077669902912621, "9": 0.4174757281553398, "10": 0.4174757281553398, "11": 0.33980582524271846, "12": 0.3300970873786408, "13": 0.2912621359223301, "14": 0.32038834951456313, "15": 0.3786407766990291, "16": 0.3786407766990291, "17": 0.3883495145631068, "18": 0.4174757281553398, "19": 0.2815533980582524, "20": 0.23300970873786409, "21": 0.24271844660194175, "22": 0.22330097087378642, "23": 0.17475728155339806, "24": 0.1650485436893204, "25": 0.18446601941747573, "26": 0.23300970873786409, "27": 0.18446601941747573, "28": 0.1941747572815534, "29": 0.18446601941747573, "30": 0.0970873786407767, "31": 0.04854368932038835, "32": 0.009708737864077669}