{"0": 0.02912621359223301, "1": 0.009708737864077669, "2": 0.019417475728155338, "3": 0.009708737864077669, "4": 0.009708737864077669, "5": 0.04854368932038835, "6": 0.20388349514563106, "7": 0.2912621359223301, "8": 0.5242718446601942, "9": 0.5533980582524272, "10": 0.5631067961165048, "11": 0.5631067961165048, "12": 0.5339805825242718, "13": 0.49514563106796117, "14": 0.5048543689320388, "15": 0.46601941747572817, "16": 0.5339805825242718, "17": 0.5631067961165048, "18": 0.5922330097087378, "19": 0.46601941747572817, "20": 0.3300970873786408, "21": 0.3106796116504854, "22": 0.23300970873786409, "23": 0.1941747572815534, "24": 0.22330097087378642, "25": 0.23300970873786409, "26": 0.2524271844660194, "27": 0.24271844660194175, "28": 0.1941747572815534, "29": 0.1553398058252427, "30": 0.038834951456310676, "31": 0.038834951456310676, "32": 0.019417475728155338}