{"0": 0.0, "1": 0.0, "2": 0.0, "3": 0.009708737864077669, "4": 0.0, "5": 0.009708737864077669, "6": 0.019417475728155338, "7": 0.019417475728155338, "8": 0.019417475728155338, "9": 0.019417475728155338, "10": 0.019417475728155338, "11": 0.019417475728155338, "12": 0.009708737864077669, "13": 0.019417475728155338, "14": 0.009708737864077669, "15": 0.009708737864077669, "16": 0.019417475728155338, "17": 0.019417475728155338, "18": 0.019417475728155338, "19": 0.009708737864077669, "20": 0.0, "21": 0.0, "22": 0.0, "23": 0.0, "24": 0.0, "25": 0.0, "26": 0.0, "27": 0.0, "28": 0.0, "29": 0.0, "30": 0.0, "31": 0.0, "32": 0.0}