{"0": 0.06796116504854369, "1": 0.06796116504854369, "2": 0.019417475728155338, "3": 0.02912621359223301, "4": 0.06796116504854369, "5": 0.11650485436893204, "6": 0.4563106796116505, "7": 0.49514563106796117, "8": 0.6699029126213593, "9": 0.6699029126213593, "10": 0.5728155339805825, "11": 0.4854368932038835, "12": 0.39805825242718446, "13": 0.34951456310679613, "14": 0.4563106796116505, "15": 0.4077669902912621, "16": 0.5436893203883495, "17": 0.5922330097087378, "18": 0.6796116504854369, "19": 0.5631067961165048, "20": 0.47572815533980584, "21": 0.4368932038834951, "22": 0.3883495145631068, "23": 0.3106796116504854, "24": 0.32038834951456313, "25": 0.33980582524271846, "26": 0.33980582524271846, "27": 0.2912621359223301, "28": 0.2524271844660194, "29": 0.23300970873786409, "30": 0.24271844660194175, "31": 0.18446601941747573, "32": 0.06796116504854369}