{"0": 0.009708737864077669, "1": 0.0, "2": 0.0, "3": 0.0, "4": 0.0, "5": 0.02912621359223301, "6": 0.2815533980582524, "7": 0.3592233009708738, "8": 0.6407766990291263, "9": 0.6893203883495146, "10": 0.6893203883495146, "11": 0.6310679611650486, "12": 0.5922330097087378, "13": 0.5436893203883495, "14": 0.6213592233009708, "15": 0.5922330097087378, "16": 0.6310679611650486, "17": 0.6310679611650486, "18": 0.7475728155339806, "19": 0.6310679611650486, "20": 0.5533980582524272, "21": 0.5048543689320388, "22": 0.44660194174757284, "23": 0.34951456310679613, "24": 0.32038834951456313, "25": 0.3786407766990291, "26": 0.36893203883495146, "27": 0.3300970873786408, "28": 0.2912621359223301, "29": 0.23300970873786409, "30": 0.13592233009708737, "31": 0.11650485436893204, "32": 0.0}