{"0": 0.009708737864077669, "1": 0.009708737864077669, "2": 0.019417475728155338, "3": 0.009708737864077669, "4": 0.009708737864077669, "5": 0.009708737864077669, "6": 0.009708737864077669, "7": 0.009708737864077669, "8": 0.019417475728155338, "9": 0.019417475728155338, "10": 0.019417475728155338, "11": 0.019417475728155338, "12": 0.019417475728155338, "13": 0.02912621359223301, "14": 0.02912621359223301, "15": 0.019417475728155338, "16": 0.02912621359223301, "17": 0.02912621359223301, "18": 0.038834951456310676, "19": 0.019417475728155338, "20": 0.02912621359223301, "21": 0.0, "22": 0.0, "23": 0.0, "24": 0.0, "25": 0.0, "26": 0.0, "27": 0.0, "28": 0.0, "29": 0.0, "30": 0.0, "31": 0.0, "32": 0.0}