{"0": 0.04854368932038835, "1": 0.038834951456310676, "2": 0.009708737864077669, "3": 0.019417475728155338, "4": 0.04854368932038835, "5": 0.10679611650485436, "6": 0.36893203883495146, "7": 0.4854368932038835, "8": 0.6601941747572816, "9": 0.6990291262135923, "10": 0.6504854368932039, "11": 0.5339805825242718, "12": 0.4854368932038835, "13": 0.5145631067961165, "14": 0.5631067961165048, "15": 0.5825242718446602, "16": 0.6213592233009708, "17": 0.6796116504854369, "18": 0.7184466019417476, "19": 0.6213592233009708, "20": 0.5922330097087378, "21": 0.5533980582524272, "22": 0.5048543689320388, "23": 0.42718446601941745, "24": 0.46601941747572817, "25": 0.46601941747572817, "26": 0.4854368932038835, "27": 0.4174757281553398, "28": 0.3883495145631068, "29": 0.34951456310679613, "30": 0.21359223300970873, "31": 0.17475728155339806, "32": 0.02912621359223301}