{"0": 0.009708737864077669, "1": 0.009708737864077669, "2": 0.0, "3": 0.009708737864077669, "4": 0.009708737864077669, "5": 0.009708737864077669, "6": 0.019417475728155338, "7": 0.019417475728155338, "8": 0.019417475728155338, "9": 0.019417475728155338, "10": 0.038834951456310676, "11": 0.038834951456310676, "12": 0.038834951456310676, "13": 0.04854368932038835, "14": 0.05825242718446602, "15": 0.05825242718446602, "16": 0.04854368932038835, "17": 0.04854368932038835, "18": 0.038834951456310676, "19": 0.019417475728155338, "20": 0.019417475728155338, "21": 0.019417475728155338, "22": 0.019417475728155338, "23": 0.009708737864077669, "24": 0.0, "25": 0.009708737864077669, "26": 0.009708737864077669, "27": 0.009708737864077669, "28": 0.009708737864077669, "29": 0.009708737864077669, "30": 0.0, "31": 0.0, "32": 0.0}