{"0": 0.02912621359223301, "1": 0.02912621359223301, "2": 0.0, "3": 0.009708737864077669, "4": 0.009708737864077669, "5": 0.009708737864077669, "6": 0.02912621359223301, "7": 0.06796116504854369, "8": 0.1553398058252427, "9": 0.13592233009708737, "10": 0.1650485436893204, "11": 0.14563106796116504, "12": 0.1941747572815534, "13": 0.20388349514563106, "14": 0.2621359223300971, "15": 0.2815533980582524, "16": 0.2912621359223301, "17": 0.33980582524271846, "18": 0.32038834951456313, "19": 0.18446601941747573, "20": 0.08737864077669903, "21": 0.04854368932038835, "22": 0.04854368932038835, "23": 0.04854368932038835, "24": 0.02912621359223301, "25": 0.038834951456310676, "26": 0.038834951456310676, "27": 0.038834951456310676, "28": 0.038834951456310676, "29": 0.038834951456310676, "30": 0.038834951456310676, "31": 0.038834951456310676, "32": 0.019417475728155338}