{"0": 0.0, "1": 0.0, "2": 0.0, "3": 0.0, "4": 0.0, "5": 0.0, "6": 0.0, "7": 0.06796116504854369, "8": 0.1262135922330097, "9": 0.21359223300970873, "10": 0.22330097087378642, "11": 0.1553398058252427, "12": 0.14563106796116504, "13": 0.10679611650485436, "14": 0.05825242718446602, "15": 0.11650485436893204, "16": 0.1262135922330097, "17": 0.2621359223300971, "18": 0.30097087378640774, "19": 0.13592233009708737, "20": 0.10679611650485436, "21": 0.05825242718446602, "22": 0.02912621359223301, "23": 0.019417475728155338, "24": 0.009708737864077669, "25": 0.0, "26": 0.0, "27": 0.0, "28": 0.0, "29": 0.0, "30": 0.0, "31": 0.0, "32": 0.0}