{"0": 0.0, "1": 0.0, "2": 0.0, "3": 0.0, "4": 0.0, "5": 0.0, "6": 0.038834951456310676, "7": 0.10679611650485436, "8": 0.2524271844660194, "9": 0.2621359223300971, "10": 0.2912621359223301, "11": 0.3106796116504854, "12": 0.2815533980582524, "13": 0.2912621359223301, "14": 0.3592233009708738, "15": 0.3786407766990291, "16": 0.3106796116504854, "17": 0.3592233009708738, "18": 0.33980582524271846, "19": 0.23300970873786409, "20": 0.08737864077669903, "21": 0.02912621359223301, "22": 0.019417475728155338, "23": 0.0, "24": 0.0, "25": 0.009708737864077669, "26": 0.009708737864077669, "27": 0.009708737864077669, "28": 0.009708737864077669, "29": 0.009708737864077669, "30": 0.0, "31": 0.0, "32": 0.0}