{"0": 0.0, "1": 0.02912621359223301, "2": 0.009708737864077669, "3": 0.009708737864077669, "4": 0.038834951456310676, "5": 0.08737864077669903, "6": 0.2621359223300971, "7": 0.36893203883495146, "8": 0.5728155339805825, "9": 0.6601941747572816, "10": 0.6116504854368932, "11": 0.5339805825242718, "12": 0.5436893203883495, "13": 0.4854368932038835, "14": 0.5339805825242718, "15": 0.6116504854368932, "16": 0.6990291262135923, "17": 0.7475728155339806, "18": 0.8252427184466019, "19": 0.7184466019417476, "20": 0.6893203883495146, "21": 0.6116504854368932, "22": 0.5631067961165048, "23": 0.5242718446601942, "24": 0.5145631067961165, "25": 0.5339805825242718, "26": 0.5242718446601942, "27": 0.5339805825242718, "28": 0.5048543689320388, "29": 0.4563106796116505, "30": 0.4368932038834951, "31": 0.44660194174757284, "32": 0.019417475728155338}