{"0": 0.0, "1": 0.0, "2": 0.0, "3": 0.0, "4": 0.0, "5": 0.0, "6": 0.0, "7": 0.019417475728155338, "8": 0.08737864077669903, "9": 0.08737864077669903, "10": 0.1262135922330097, "11": 0.11650485436893204, "12": 0.10679611650485436, "13": 0.0970873786407767, "14": 0.08737864077669903, "15": 0.08737864077669903, "16": 0.13592233009708737, "17": 0.22330097087378642, "18": 0.24271844660194175, "19": 0.0970873786407767, "20": 0.06796116504854369, "21": 0.02912621359223301, "22": 0.009708737864077669, "23": 0.009708737864077669, "24": 0.009708737864077669, "25": 0.009708737864077669, "26": 0.0, "27": 0.0, "28": 0.0, "29": 0.0, "30": 0.0, "31": 0.019417475728155338, "32": 0.0}