{"0": 0.0, "1": 0.0, "2": 0.0, "3": 0.0, "4": 0.0, "5": 0.0, "6": 0.0, "7": 0.009708737864077669, "8": 0.038834951456310676, "9": 0.08737864077669903, "10": 0.11650485436893204, "11": 0.07766990291262135, "12": 0.05825242718446602, "13": 0.038834951456310676, "14": 0.02912621359223301, "15": 0.0970873786407767, "16": 0.11650485436893204, "17": 0.23300970873786409, "18": 0.21359223300970873, "19": 0.06796116504854369, "20": 0.04854368932038835, "21": 0.02912621359223301, "22": 0.009708737864077669, "23": 0.009708737864077669, "24": 0.0, "25": 0.0, "26": 0.0, "27": 0.0, "28": 0.0, "29": 0.009708737864077669, "30": 0.019417475728155338, "31": 0.019417475728155338, "32": 0.0}