{"0": 0.0, "1": 0.0, "2": 0.0, "3": 0.0, "4": 0.0, "5": 0.0, "6": 0.06796116504854369, "7": 0.1262135922330097, "8": 0.21359223300970873, "9": 0.2524271844660194, "10": 0.2815533980582524, "11": 0.24271844660194175, "12": 0.2621359223300971, "13": 0.21359223300970873, "14": 0.2524271844660194, "15": 0.23300970873786409, "16": 0.2912621359223301, "17": 0.34951456310679613, "18": 0.3592233009708738, "19": 0.24271844660194175, "20": 0.21359223300970873, "21": 0.1553398058252427, "22": 0.06796116504854369, "23": 0.038834951456310676, "24": 0.02912621359223301, "25": 0.04854368932038835, "26": 0.04854368932038835, "27": 0.04854368932038835, "28": 0.019417475728155338, "29": 0.02912621359223301, "30": 0.038834951456310676, "31": 0.038834951456310676, "32": 0.009708737864077669}