{"0": 0.0, "1": 0.009708737864077669, "2": 0.0, "3": 0.0, "4": 0.009708737864077669, "5": 0.009708737864077669, "6": 0.009708737864077669, "7": 0.009708737864077669, "8": 0.009708737864077669, "9": 0.009708737864077669, "10": 0.009708737864077669, "11": 0.009708737864077669, "12": 0.009708737864077669, "13": 0.009708737864077669, "14": 0.009708737864077669, "15": 0.009708737864077669, "16": 0.009708737864077669, "17": 0.019417475728155338, "18": 0.019417475728155338, "19": 0.02912621359223301, "20": 0.009708737864077669, "21": 0.009708737864077669, "22": 0.009708737864077669, "23": 0.009708737864077669, "24": 0.009708737864077669, "25": 0.009708737864077669, "26": 0.009708737864077669, "27": 0.009708737864077669, "28": 0.009708737864077669, "29": 0.0, "30": 0.009708737864077669, "31": 0.019417475728155338, "32": 0.0}