{"0": 0.009708737864077669, "1": 0.009708737864077669, "2": 0.0, "3": 0.0, "4": 0.0, "5": 0.009708737864077669, "6": 0.038834951456310676, "7": 0.05825242718446602, "8": 0.07766990291262135, "9": 0.0970873786407767, "10": 0.10679611650485436, "11": 0.11650485436893204, "12": 0.08737864077669903, "13": 0.07766990291262135, "14": 0.0970873786407767, "15": 0.05825242718446602, "16": 0.08737864077669903, "17": 0.17475728155339806, "18": 0.1650485436893204, "19": 0.06796116504854369, "20": 0.019417475728155338, "21": 0.009708737864077669, "22": 0.009708737864077669, "23": 0.0, "24": 0.0, "25": 0.0, "26": 0.0, "27": 0.0, "28": 0.0, "29": 0.0, "30": 0.0, "31": 0.0, "32": 0.0}