{"0": 0.015810276679841896, "1": 0.00691699604743083, "2": 0.010869565217391304, "3": 0.030632411067193676, "4": 0.21442687747035574, "5": 0.41304347826086957, "6": 0.5533596837944664, "7": 0.7183794466403162, "8": 0.83399209486166, "9": 0.866600790513834, "10": 0.8972332015810277, "11": 0.8962450592885376, "12": 0.8913043478260869, "13": 0.9090909090909091, "14": 0.9367588932806324, "15": 0.9229249011857708, "16": 0.9387351778656127, "17": 0.9219367588932806, "18": 0.8715415019762845, "19": 0.8646245059288538, "20": 0.83399209486166, "21": 0.7351778656126482, "22": 0.7381422924901185, "23": 0.6996047430830039, "24": 0.6205533596837944, "25": 0.24011857707509882, "26": 0.22727272727272727, "27": 0.10276679841897234, "28": 0.06818181818181818, "29": 0.045454545454545456, "30": 0.12549407114624506, "31": 0.26976284584980237, "32": 0.30138339920948615}