{"0": 0.11956521739130435, "1": 0.07905138339920949, "2": 0.019762845849802372, "3": 0.07509881422924901, "4": 0.17588932806324112, "5": 0.48023715415019763, "6": 0.6413043478260869, "7": 0.808300395256917, "8": 0.9051383399209486, "9": 0.9308300395256917, "10": 0.9486166007905138, "11": 0.9545454545454546, "12": 0.9555335968379447, "13": 0.9683794466403162, "14": 0.9772727272727273, "15": 0.9752964426877471, "16": 0.9782608695652174, "17": 0.9545454545454546, "18": 0.9683794466403162, "19": 0.9387351778656127, "20": 0.892292490118577, "21": 0.8873517786561265, "22": 0.8359683794466403, "23": 0.808300395256917, "24": 0.7569169960474308, "25": 0.3557312252964427, "26": 0.22826086956521738, "27": 0.0533596837944664, "28": 0.029644268774703556, "29": 0.023715415019762844, "30": 0.014822134387351778, "31": 0.024703557312252964, "32": 0.11857707509881422}