{"0": 0.04743083003952569, "1": 0.024703557312252964, "2": 0.004940711462450593, "3": 0.008893280632411068, "4": 0.0533596837944664, "5": 0.2124505928853755, "6": 0.42193675889328064, "7": 0.6531620553359684, "8": 0.808300395256917, "9": 0.8458498023715415, "10": 0.8804347826086957, "11": 0.8952569169960475, "12": 0.9021739130434783, "13": 0.9051383399209486, "14": 0.9061264822134387, "15": 0.9021739130434783, "16": 0.8893280632411067, "17": 0.8636363636363636, "18": 0.8804347826086957, "19": 0.7480237154150198, "20": 0.7124505928853755, "21": 0.6620553359683794, "22": 0.6185770750988142, "23": 0.49703557312252966, "24": 0.4288537549407115, "25": 0.11857707509881422, "26": 0.08399209486166008, "27": 0.03162055335968379, "28": 0.019762845849802372, "29": 0.010869565217391304, "30": 0.010869565217391304, "31": 0.011857707509881422, "32": 0.0741106719367589}