{"0": 0.0029644268774703555, "1": 0.0009881422924901185, "2": 0.0, "3": 0.0, "4": 0.0009881422924901185, "5": 0.0009881422924901185, "6": 0.0009881422924901185, "7": 0.0029644268774703555, "8": 0.003952569169960474, "9": 0.004940711462450593, "10": 0.007905138339920948, "11": 0.008893280632411068, "12": 0.009881422924901186, "13": 0.008893280632411068, "14": 0.007905138339920948, "15": 0.009881422924901186, "16": 0.012845849802371542, "17": 0.01383399209486166, "18": 0.009881422924901186, "19": 0.021739130434782608, "20": 0.014822134387351778, "21": 0.01383399209486166, "22": 0.011857707509881422, "23": 0.004940711462450593, "24": 0.0029644268774703555, "25": 0.001976284584980237, "26": 0.001976284584980237, "27": 0.0009881422924901185, "28": 0.0009881422924901185, "29": 0.0029644268774703555, "30": 0.003952569169960474, "31": 0.004940711462450593, "32": 0.003952569169960474}