{"0": 0.017786561264822136, "1": 0.010869565217391304, "2": 0.008893280632411068, "3": 0.03458498023715415, "4": 0.2015810276679842, "5": 0.3824110671936759, "6": 0.5177865612648221, "7": 0.658102766798419, "8": 0.7875494071146245, "9": 0.8290513833992095, "10": 0.8488142292490118, "11": 0.8507905138339921, "12": 0.8428853754940712, "13": 0.8606719367588933, "14": 0.9120553359683794, "15": 0.8764822134387352, "16": 0.9179841897233202, "17": 0.892292490118577, "18": 0.8102766798418972, "19": 0.799407114624506, "20": 0.7371541501976284, "21": 0.6146245059288538, "22": 0.6620553359683794, "23": 0.6393280632411067, "24": 0.5652173913043478, "25": 0.2816205533596838, "26": 0.2618577075098814, "27": 0.17193675889328064, "28": 0.10869565217391304, "29": 0.08102766798418973, "30": 0.0533596837944664, "31": 0.05237154150197629, "32": 0.20059288537549408}