{"0": 0.012845849802371542, "1": 0.00691699604743083, "2": 0.009881422924901186, "3": 0.04940711462450593, "4": 0.25395256916996045, "5": 0.49110671936758893, "6": 0.6719367588932806, "7": 0.7984189723320159, "8": 0.9041501976284585, "9": 0.9268774703557312, "10": 0.9347826086956522, "11": 0.9446640316205533, "12": 0.9446640316205533, "13": 0.9604743083003953, "14": 0.967391304347826, "15": 0.9683794466403162, "16": 0.9733201581027668, "17": 0.9634387351778656, "18": 0.9525691699604744, "19": 0.9525691699604744, "20": 0.9179841897233202, "21": 0.8379446640316206, "22": 0.8260869565217391, "23": 0.7717391304347826, "24": 0.6669960474308301, "25": 0.25592885375494073, "26": 0.23616600790513834, "27": 0.09486166007905138, "28": 0.06126482213438735, "29": 0.043478260869565216, "30": 0.08695652173913043, "31": 0.2598814229249012, "32": 0.4733201581027668}