{"0": 0.038537549407114624, "1": 0.00691699604743083, "2": 0.001976284584980237, "3": 0.008893280632411068, "4": 0.00691699604743083, "5": 0.016798418972332016, "6": 0.018774703557312252, "7": 0.022727272727272728, "8": 0.038537549407114624, "9": 0.0691699604743083, "10": 0.07608695652173914, "11": 0.07905138339920949, "12": 0.07608695652173914, "13": 0.07707509881422925, "14": 0.08794466403162056, "15": 0.09683794466403162, "16": 0.09387351778656126, "17": 0.10177865612648221, "18": 0.10968379446640317, "19": 0.09980237154150198, "20": 0.08498023715415019, "21": 0.06027667984189723, "22": 0.05731225296442688, "23": 0.045454545454545456, "24": 0.03260869565217391, "25": 0.017786561264822136, "26": 0.015810276679841896, "27": 0.009881422924901186, "28": 0.008893280632411068, "29": 0.008893280632411068, "30": 0.004940711462450593, "31": 0.005928853754940711, "32": 0.0}