{"0": 0.010869565217391304, "1": 0.005928853754940711, "2": 0.007905138339920948, "3": 0.038537549407114624, "4": 0.2519762845849802, "5": 0.4792490118577075, "6": 0.6531620553359684, "7": 0.7875494071146245, "8": 0.8962450592885376, "9": 0.9229249011857708, "10": 0.9337944664031621, "11": 0.9456521739130435, "12": 0.9426877470355731, "13": 0.9604743083003953, "14": 0.967391304347826, "15": 0.9683794466403162, "16": 0.9733201581027668, "17": 0.9604743083003953, "18": 0.9496047430830039, "19": 0.9426877470355731, "20": 0.91600790513834, "21": 0.8280632411067194, "22": 0.8122529644268774, "23": 0.7638339920948617, "24": 0.6531620553359684, "25": 0.24209486166007904, "26": 0.23023715415019763, "27": 0.09288537549407115, "28": 0.05632411067193676, "29": 0.038537549407114624, "30": 0.08498023715415019, "31": 0.25592885375494073, "32": 0.46047430830039526}