{"0": 0.008893280632411068, "1": 0.00691699604743083, "2": 0.004940711462450593, "3": 0.03260869565217391, "4": 0.16699604743083005, "5": 0.33893280632411066, "6": 0.5029644268774703, "7": 0.6482213438735178, "8": 0.7865612648221344, "9": 0.8260869565217391, "10": 0.8428853754940712, "11": 0.8448616600790514, "12": 0.8369565217391305, "13": 0.8685770750988142, "14": 0.8932806324110671, "15": 0.8537549407114624, "16": 0.9011857707509882, "17": 0.8725296442687747, "18": 0.8191699604743083, "19": 0.775691699604743, "20": 0.7045454545454546, "21": 0.599802371541502, "22": 0.6037549407114624, "23": 0.5523715415019763, "24": 0.4634387351778656, "25": 0.1541501976284585, "26": 0.13636363636363635, "27": 0.06225296442687747, "28": 0.04841897233201581, "29": 0.036561264822134384, "30": 0.11462450592885376, "31": 0.1442687747035573, "32": 0.22332015810276679}