{"0": 0.0009881422924901185, "1": 0.0009881422924901185, "2": 0.0, "3": 0.0, "4": 0.001976284584980237, "5": 0.009881422924901186, "6": 0.018774703557312252, "7": 0.07312252964426877, "8": 0.15810276679841898, "9": 0.233201581027668, "10": 0.28063241106719367, "11": 0.2717391304347826, "12": 0.23517786561264822, "13": 0.2717391304347826, "14": 0.3221343873517787, "15": 0.2855731225296443, "16": 0.2816205533596838, "17": 0.2381422924901186, "18": 0.1976284584980237, "19": 0.1650197628458498, "20": 0.10474308300395258, "21": 0.09782608695652174, "22": 0.09387351778656126, "23": 0.07707509881422925, "24": 0.038537549407114624, "25": 0.02766798418972332, "26": 0.025691699604743084, "27": 0.016798418972332016, "28": 0.015810276679841896, "29": 0.020750988142292492, "30": 0.008893280632411068, "31": 0.012845849802371542, "32": 0.001976284584980237}