{"0": 0.12845849802371542, "1": 0.09782608695652174, "2": 0.042490118577075096, "3": 0.14624505928853754, "4": 0.35079051383399207, "5": 0.6225296442687747, "6": 0.7124505928853755, "7": 0.8162055335968379, "8": 0.8903162055335968, "9": 0.9219367588932806, "10": 0.9347826086956522, "11": 0.9476284584980237, "12": 0.9466403162055336, "13": 0.9614624505928854, "14": 0.9772727272727273, "15": 0.9703557312252964, "16": 0.9782608695652174, "17": 0.9693675889328063, "18": 0.9782608695652174, "19": 0.941699604743083, "20": 0.941699604743083, "21": 0.9229249011857708, "22": 0.9387351778656127, "23": 0.9189723320158103, "24": 0.8982213438735178, "25": 0.7539525691699605, "26": 0.6235177865612648, "27": 0.37648221343873517, "28": 0.15217391304347827, "29": 0.12845849802371542, "30": 0.09387351778656126, "31": 0.1274703557312253, "32": 0.08992094861660078}