{"0": 0.030632411067193676, "1": 0.014822134387351778, "2": 0.004940711462450593, "3": 0.008893280632411068, "4": 0.011857707509881422, "5": 0.015810276679841896, "6": 0.018774703557312252, "7": 0.022727272727272728, "8": 0.019762845849802372, "9": 0.02766798418972332, "10": 0.025691699604743084, "11": 0.0266798418972332, "12": 0.025691699604743084, "13": 0.025691699604743084, "14": 0.018774703557312252, "15": 0.019762845849802372, "16": 0.016798418972332016, "17": 0.021739130434782608, "18": 0.018774703557312252, "19": 0.030632411067193676, "20": 0.029644268774703556, "21": 0.03162055335968379, "22": 0.024703557312252964, "23": 0.020750988142292492, "24": 0.017786561264822136, "25": 0.014822134387351778, "26": 0.01383399209486166, "27": 0.010869565217391304, "28": 0.008893280632411068, "29": 0.008893280632411068, "30": 0.008893280632411068, "31": 0.009881422924901186, "32": 0.001976284584980237}