{"0": 0.001976284584980237, "1": 0.0, "2": 0.0, "3": 0.0009881422924901185, "4": 0.004940711462450593, "5": 0.025691699604743084, "6": 0.08695652173913043, "7": 0.21739130434782608, "8": 0.37549407114624506, "9": 0.4644268774703557, "10": 0.5345849802371542, "11": 0.532608695652174, "12": 0.5019762845849802, "13": 0.5266798418972332, "14": 0.6235177865612648, "15": 0.5731225296442688, "16": 0.6136363636363636, "17": 0.5622529644268774, "18": 0.4624505928853755, "19": 0.4792490118577075, "20": 0.3092885375494071, "21": 0.27865612648221344, "22": 0.25592885375494073, "23": 0.21047430830039526, "24": 0.1373517786561265, "25": 0.08399209486166008, "26": 0.06521739130434782, "27": 0.0266798418972332, "28": 0.014822134387351778, "29": 0.01383399209486166, "30": 0.016798418972332016, "31": 0.029644268774703556, "32": 0.004940711462450593}