{"0": 0.0, "1": 0.0, "2": 0.0, "3": 0.0, "4": 0.0, "5": 0.0, "6": 0.0, "7": 0.0, "8": 0.001976284584980237, "9": 0.005928853754940711, "10": 0.011857707509881422, "11": 0.012845849802371542, "12": 0.012845849802371542, "13": 0.007905138339920948, "14": 0.023715415019762844, "15": 0.017786561264822136, "16": 0.021739130434782608, "17": 0.007905138339920948, "18": 0.005928853754940711, "19": 0.004940711462450593, "20": 0.0, "21": 0.0, "22": 0.0, "23": 0.0, "24": 0.0, "25": 0.0, "26": 0.0, "27": 0.0, "28": 0.0, "29": 0.0, "30": 0.0, "31": 0.0009881422924901185, "32": 0.0009881422924901185}