{"0": 0.012845849802371542, "1": 0.011857707509881422, "2": 0.004940711462450593, "3": 0.03260869565217391, "4": 0.2134387351778656, "5": 0.49110671936758893, "6": 0.6571146245059288, "7": 0.8073122529644269, "8": 0.8982213438735178, "9": 0.9219367588932806, "10": 0.9387351778656127, "11": 0.9486166007905138, "12": 0.9466403162055336, "13": 0.9525691699604744, "14": 0.958498023715415, "15": 0.9525691699604744, "16": 0.958498023715415, "17": 0.950592885375494, "18": 0.9594861660079052, "19": 0.941699604743083, "20": 0.9169960474308301, "21": 0.8527667984189723, "22": 0.8656126482213439, "23": 0.7697628458498024, "24": 0.7154150197628458, "25": 0.3211462450592885, "26": 0.26976284584980237, "27": 0.09486166007905138, "28": 0.06422924901185771, "29": 0.06126482213438735, "30": 0.042490118577075096, "31": 0.05533596837944664, "32": 0.48023715415019763}