{"0": 0.13636363636363635, "1": 0.08794466403162056, "2": 0.025691699604743084, "3": 0.11462450592885376, "4": 0.34881422924901184, "5": 0.650197628458498, "6": 0.7885375494071146, "7": 0.8893280632411067, "8": 0.941699604743083, "9": 0.958498023715415, "10": 0.9703557312252964, "11": 0.9772727272727273, "12": 0.9802371541501976, "13": 0.9822134387351779, "14": 0.9881422924901185, "15": 0.9851778656126482, "16": 0.9901185770750988, "17": 0.9901185770750988, "18": 0.9920948616600791, "19": 0.9851778656126482, "20": 0.9762845849802372, "21": 0.9822134387351779, "22": 0.9713438735177866, "23": 0.9555335968379447, "24": 0.9357707509881423, "25": 0.5849802371541502, "26": 0.48616600790513836, "27": 0.18181818181818182, "28": 0.08102766798418973, "29": 0.06324110671936758, "30": 0.03557312252964427, "31": 0.07114624505928854, "32": 0.35276679841897235}