{"0": 0.10375494071146245, "1": 0.05434782608695652, "2": 0.017786561264822136, "3": 0.030632411067193676, "4": 0.06027667984189723, "5": 0.11758893280632411, "6": 0.17984189723320157, "7": 0.29545454545454547, "8": 0.4308300395256917, "9": 0.5701581027667985, "10": 0.6175889328063241, "11": 0.6373517786561265, "12": 0.642292490118577, "13": 0.6778656126482213, "14": 0.6976284584980237, "15": 0.682806324110672, "16": 0.6284584980237155, "17": 0.6195652173913043, "18": 0.558300395256917, "19": 0.4278656126482213, "20": 0.3211462450592885, "21": 0.16996047430830039, "22": 0.21936758893280633, "23": 0.20355731225296442, "24": 0.19861660079051383, "25": 0.1067193675889328, "26": 0.08596837944664032, "27": 0.06225296442687747, "28": 0.042490118577075096, "29": 0.037549407114624504, "30": 0.0266798418972332, "31": 0.045454545454545456, "32": 0.046442687747035576}