{"0": 0.07312252964426877, "1": 0.06422924901185771, "2": 0.042490118577075096, "3": 0.1808300395256917, "4": 0.45553359683794464, "5": 0.7223320158102767, "6": 0.841897233201581, "7": 0.932806324110672, "8": 0.9752964426877471, "9": 0.9881422924901185, "10": 0.9901185770750988, "11": 0.991106719367589, "12": 0.9920948616600791, "13": 0.9891304347826086, "14": 0.9901185770750988, "15": 0.991106719367589, "16": 0.9940711462450593, "17": 0.9901185770750988, "18": 0.9901185770750988, "19": 0.9782608695652174, "20": 0.974308300395257, "21": 0.9624505928853755, "22": 0.9604743083003953, "23": 0.9476284584980237, "24": 0.892292490118577, "25": 0.6116600790513834, "26": 0.4901185770750988, "27": 0.2075098814229249, "28": 0.06126482213438735, "29": 0.05632411067193676, "30": 0.030632411067193676, "31": 0.06225296442687747, "32": 0.6778656126482213}