{"0": 0.0029644268774703555, "1": 0.0009881422924901185, "2": 0.0, "3": 0.0, "4": 0.0029644268774703555, "5": 0.008893280632411068, "6": 0.037549407114624504, "7": 0.09683794466403162, "8": 0.21541501976284586, "9": 0.3349802371541502, "10": 0.38537549407114624, "11": 0.4061264822134387, "12": 0.4140316205533597, "13": 0.40118577075098816, "14": 0.4308300395256917, "15": 0.37648221343873517, "16": 0.31225296442687744, "17": 0.25889328063241107, "18": 0.2450592885375494, "19": 0.11758893280632411, "20": 0.07707509881422925, "21": 0.040513833992094864, "22": 0.038537549407114624, "23": 0.024703557312252964, "24": 0.017786561264822136, "25": 0.009881422924901186, "26": 0.008893280632411068, "27": 0.0029644268774703555, "28": 0.0029644268774703555, "29": 0.0009881422924901185, "30": 0.001976284584980237, "31": 0.005928853754940711, "32": 0.03557312252964427}