{"0": 0.1373517786561265, "1": 0.09090909090909091, "2": 0.03162055335968379, "3": 0.12154150197628459, "4": 0.3695652173913043, "5": 0.6314229249011858, "6": 0.7766798418972332, "7": 0.8616600790513834, "8": 0.9258893280632411, "9": 0.9466403162055336, "10": 0.9545454545454546, "11": 0.9575098814229249, "12": 0.9604743083003953, "13": 0.9772727272727273, "14": 0.9802371541501976, "15": 0.9792490118577075, "16": 0.9881422924901185, "17": 0.9822134387351779, "18": 0.9822134387351779, "19": 0.9752964426877471, "20": 0.9693675889328063, "21": 0.9614624505928854, "22": 0.9219367588932806, "23": 0.9229249011857708, "24": 0.849802371541502, "25": 0.38537549407114624, "26": 0.31719367588932806, "27": 0.08893280632411067, "28": 0.06324110671936758, "29": 0.046442687747035576, "30": 0.036561264822134384, "31": 0.05928853754940711, "32": 0.29150197628458496}