{"0": 0.12845849802371542, "1": 0.1373517786561265, "2": 0.06225296442687747, "3": 0.19466403162055335, "4": 0.5128458498023716, "5": 0.7737154150197628, "6": 0.8606719367588933, "7": 0.9278656126482213, "8": 0.9594861660079052, "9": 0.9693675889328063, "10": 0.9762845849802372, "11": 0.9772727272727273, "12": 0.9792490118577075, "13": 0.9851778656126482, "14": 0.9881422924901185, "15": 0.9891304347826086, "16": 0.9960474308300395, "17": 0.9930830039525692, "18": 0.9950592885375494, "19": 0.991106719367589, "20": 0.9851778656126482, "21": 0.9841897233201581, "22": 0.9782608695652174, "23": 0.9624505928853755, "24": 0.9239130434782609, "25": 0.8725296442687747, "26": 0.7776679841897233, "27": 0.5296442687747036, "28": 0.3922924901185771, "29": 0.24703557312252963, "30": 0.18478260869565216, "31": 0.37648221343873517, "32": 0.23023715415019763}