{"0": 0.010869565217391304, "1": 0.007905138339920948, "2": 0.005928853754940711, "3": 0.020750988142292492, "4": 0.1482213438735178, "5": 0.4189723320158103, "6": 0.5909090909090909, "7": 0.7648221343873518, "8": 0.8735177865612648, "9": 0.9090909090909091, "10": 0.932806324110672, "11": 0.941699604743083, "12": 0.9377470355731226, "13": 0.9496047430830039, "14": 0.9496047430830039, "15": 0.950592885375494, "16": 0.9624505928853755, "17": 0.9456521739130435, "18": 0.9594861660079052, "19": 0.9367588932806324, "20": 0.8646245059288538, "21": 0.83399209486166, "22": 0.7420948616600791, "23": 0.7272727272727273, "24": 0.6630434782608695, "25": 0.37648221343873517, "26": 0.3675889328063241, "27": 0.24209486166007904, "28": 0.10573122529644269, "29": 0.10770750988142293, "30": 0.1274703557312253, "31": 0.1432806324110672, "32": 0.26383399209486164}