{"0": 0.043478260869565216, "1": 0.016798418972332016, "2": 0.007905138339920948, "3": 0.017786561264822136, "4": 0.04940711462450593, "5": 0.21541501976284586, "6": 0.366600790513834, "7": 0.5691699604743083, "8": 0.7282608695652174, "9": 0.8043478260869565, "10": 0.8468379446640316, "11": 0.866600790513834, "12": 0.857707509881423, "13": 0.8883399209486166, "14": 0.9061264822134387, "15": 0.8853754940711462, "16": 0.8982213438735178, "17": 0.8636363636363636, "18": 0.8458498023715415, "19": 0.7786561264822134, "20": 0.7430830039525692, "21": 0.700592885375494, "22": 0.48320158102766797, "23": 0.31620553359683795, "24": 0.24110671936758893, "25": 0.05632411067193676, "26": 0.03260869565217391, "27": 0.012845849802371542, "28": 0.012845849802371542, "29": 0.010869565217391304, "30": 0.009881422924901186, "31": 0.016798418972332016, "32": 0.036561264822134384}