{"0": 0.043478260869565216, "1": 0.020750988142292492, "2": 0.005928853754940711, "3": 0.012845849802371542, "4": 0.036561264822134384, "5": 0.1551383399209486, "6": 0.26976284584980237, "7": 0.43873517786561267, "8": 0.616600790513834, "9": 0.7075098814229249, "10": 0.7450592885375494, "11": 0.7717391304347826, "12": 0.7697628458498024, "13": 0.7717391304347826, "14": 0.8013833992094862, "15": 0.7658102766798419, "16": 0.7420948616600791, "17": 0.7045454545454546, "18": 0.6393280632411067, "19": 0.4762845849802372, "20": 0.3952569169960474, "21": 0.26778656126482214, "22": 0.25, "23": 0.16205533596837945, "24": 0.11264822134387352, "25": 0.0266798418972332, "26": 0.019762845849802372, "27": 0.008893280632411068, "28": 0.00691699604743083, "29": 0.004940711462450593, "30": 0.004940711462450593, "31": 0.009881422924901186, "32": 0.03458498023715415}