{"0": 0.045454545454545456, "1": 0.012845849802371542, "2": 0.003952569169960474, "3": 0.011857707509881422, "4": 0.06719367588932806, "5": 0.25790513833992096, "6": 0.4871541501976285, "7": 0.6679841897233202, "8": 0.8132411067193676, "9": 0.8636363636363636, "10": 0.8932806324110671, "11": 0.9100790513833992, "12": 0.9100790513833992, "13": 0.9288537549407114, "14": 0.9456521739130435, "15": 0.9258893280632411, "16": 0.950592885375494, "17": 0.8764822134387352, "18": 0.9209486166007905, "19": 0.8112648221343873, "20": 0.7964426877470355, "21": 0.7974308300395256, "22": 0.6393280632411067, "23": 0.5355731225296443, "24": 0.2608695652173913, "25": 0.08102766798418973, "26": 0.045454545454545456, "27": 0.017786561264822136, "28": 0.01383399209486166, "29": 0.012845849802371542, "30": 0.007905138339920948, "31": 0.017786561264822136, "32": 0.05434782608695652}