{"0": 0.17490118577075098, "1": 0.1650197628458498, "2": 0.05237154150197629, "3": 0.2124505928853755, "4": 0.5523715415019763, "5": 0.7954545454545454, "6": 0.8942687747035574, "7": 0.9515810276679841, "8": 0.9733201581027668, "9": 0.983201581027668, "10": 0.9861660079051383, "11": 0.9851778656126482, "12": 0.9861660079051383, "13": 0.9901185770750988, "14": 0.9950592885375494, "15": 0.9950592885375494, "16": 0.9970355731225297, "17": 0.9970355731225297, "18": 0.9980237154150198, "19": 0.9960474308300395, "20": 0.9940711462450593, "21": 0.9930830039525692, "22": 0.9891304347826086, "23": 0.9812252964426877, "24": 0.9703557312252964, "25": 0.9575098814229249, "26": 0.9209486166007905, "27": 0.6521739130434783, "28": 0.48320158102766797, "29": 0.36264822134387353, "30": 0.2549407114624506, "31": 0.4367588932806324, "32": 0.5642292490118577}