{"0": 0.08893280632411067, "1": 0.036561264822134384, "2": 0.012845849802371542, "3": 0.029644268774703556, "4": 0.041501976284584984, "5": 0.05039525691699605, "6": 0.042490118577075096, "7": 0.039525691699604744, "8": 0.036561264822134384, "9": 0.04940711462450593, "10": 0.04841897233201581, "11": 0.041501976284584984, "12": 0.045454545454545456, "13": 0.04743083003952569, "14": 0.044466403162055336, "15": 0.042490118577075096, "16": 0.036561264822134384, "17": 0.05138339920948617, "18": 0.05731225296442688, "19": 0.05533596837944664, "20": 0.05237154150197629, "21": 0.05434782608695652, "22": 0.045454545454545456, "23": 0.03557312252964427, "24": 0.03162055335968379, "25": 0.025691699604743084, "26": 0.019762845849802372, "27": 0.015810276679841896, "28": 0.01383399209486166, "29": 0.012845849802371542, "30": 0.012845849802371542, "31": 0.014822134387351778, "32": 0.001976284584980237}