{"0": 0.023715415019762844, "1": 0.005928853754940711, "2": 0.001976284584980237, "3": 0.005928853754940711, "4": 0.005928853754940711, "5": 0.00691699604743083, "6": 0.00691699604743083, "7": 0.00691699604743083, "8": 0.0029644268774703555, "9": 0.009881422924901186, "10": 0.011857707509881422, "11": 0.01383399209486166, "12": 0.010869565217391304, "13": 0.012845849802371542, "14": 0.008893280632411068, "15": 0.009881422924901186, "16": 0.008893280632411068, "17": 0.00691699604743083, "18": 0.011857707509881422, "19": 0.018774703557312252, "20": 0.01383399209486166, "21": 0.005928853754940711, "22": 0.001976284584980237, "23": 0.001976284584980237, "24": 0.001976284584980237, "25": 0.001976284584980237, "26": 0.001976284584980237, "27": 0.0009881422924901185, "28": 0.0, "29": 0.0, "30": 0.0, "31": 0.0009881422924901185, "32": 0.0009881422924901185}