{"0": 0.1383399209486166, "1": 0.13043478260869565, "2": 0.05237154150197629, "3": 0.17984189723320157, "4": 0.4792490118577075, "5": 0.7075098814229249, "6": 0.8053359683794467, "7": 0.8913043478260869, "8": 0.9278656126482213, "9": 0.9496047430830039, "10": 0.9604743083003953, "11": 0.9644268774703557, "12": 0.9644268774703557, "13": 0.9851778656126482, "14": 0.9861660079051383, "15": 0.9881422924901185, "16": 0.9940711462450593, "17": 0.991106719367589, "18": 0.9920948616600791, "19": 0.9901185770750988, "20": 0.9822134387351779, "21": 0.9792490118577075, "22": 0.9604743083003953, "23": 0.9555335968379447, "24": 0.9407114624505929, "25": 0.7727272727272727, "26": 0.6650197628458498, "27": 0.3824110671936759, "28": 0.12450592885375494, "29": 0.11462450592885376, "30": 0.09288537549407115, "31": 0.12648221343873517, "32": 0.13932806324110672}