{"0": 0.05928853754940711, "1": 0.024703557312252964, "2": 0.010869565217391304, "3": 0.018774703557312252, "4": 0.03260869565217391, "5": 0.05632411067193676, "6": 0.05731225296442688, "7": 0.06225296442687747, "8": 0.07806324110671936, "9": 0.09782608695652174, "10": 0.10968379446640317, "11": 0.11264822134387352, "12": 0.11264822134387352, "13": 0.10573122529644269, "14": 0.08300395256916997, "15": 0.08399209486166008, "16": 0.07608695652173914, "17": 0.07806324110671936, "18": 0.08102766798418973, "19": 0.05434782608695652, "20": 0.044466403162055336, "21": 0.02865612648221344, "22": 0.03458498023715415, "23": 0.03162055335968379, "24": 0.02865612648221344, "25": 0.020750988142292492, "26": 0.016798418972332016, "27": 0.01383399209486166, "28": 0.010869565217391304, "29": 0.008893280632411068, "30": 0.007905138339920948, "31": 0.010869565217391304, "32": 0.005928853754940711}