{"0": 0.001976284584980237, "1": 0.0, "2": 0.0, "3": 0.0, "4": 0.0009881422924901185, "5": 0.007905138339920948, "6": 0.015810276679841896, "7": 0.04940711462450593, "8": 0.12845849802371542, "9": 0.19367588932806323, "10": 0.24308300395256918, "11": 0.2490118577075099, "12": 0.22332015810276679, "13": 0.2509881422924901, "14": 0.35276679841897235, "15": 0.25790513833992096, "16": 0.3359683794466403, "17": 0.16996047430830039, "18": 0.14624505928853754, "19": 0.16106719367588934, "20": 0.08498023715415019, "21": 0.08300395256916997, "22": 0.05632411067193676, "23": 0.058300395256917, "24": 0.05039525691699605, "25": 0.012845849802371542, "26": 0.012845849802371542, "27": 0.015810276679841896, "28": 0.012845849802371542, "29": 0.009881422924901186, "30": 0.004940711462450593, "31": 0.014822134387351778, "32": 0.0029644268774703555}