{"0": 0.0800395256916996, "1": 0.03260869565217391, "2": 0.011857707509881422, "3": 0.0266798418972332, "4": 0.041501976284584984, "5": 0.10770750988142293, "6": 0.13339920948616601, "7": 0.22332015810276679, "8": 0.3695652173913043, "9": 0.4673913043478261, "10": 0.5158102766798419, "11": 0.5335968379446641, "12": 0.558300395256917, "13": 0.5938735177865613, "14": 0.5830039525691699, "15": 0.5800395256916996, "16": 0.5049407114624506, "17": 0.4950592885375494, "18": 0.4644268774703557, "19": 0.208498023715415, "20": 0.09486166007905138, "21": 0.11462450592885376, "22": 0.17984189723320157, "23": 0.12845849802371542, "24": 0.1324110671936759, "25": 0.037549407114624504, "26": 0.03557312252964427, "27": 0.021739130434782608, "28": 0.012845849802371542, "29": 0.008893280632411068, "30": 0.00691699604743083, "31": 0.007905138339920948, "32": 0.015810276679841896}