{"0": 0.06620553359683795, "1": 0.022727272727272728, "2": 0.009881422924901186, "3": 0.017786561264822136, "4": 0.019762845849802372, "5": 0.042490118577075096, "6": 0.07509881422924901, "7": 0.12845849802371542, "8": 0.1966403162055336, "9": 0.2865612648221344, "10": 0.3290513833992095, "11": 0.3290513833992095, "12": 0.3616600790513834, "13": 0.38438735177865613, "14": 0.35375494071146246, "15": 0.3547430830039526, "16": 0.2845849802371542, "17": 0.2628458498023715, "18": 0.2598814229249012, "19": 0.19367588932806323, "20": 0.17094861660079053, "21": 0.11857707509881422, "22": 0.09980237154150198, "23": 0.0533596837944664, "24": 0.043478260869565216, "25": 0.02865612648221344, "26": 0.022727272727272728, "27": 0.018774703557312252, "28": 0.01383399209486166, "29": 0.014822134387351778, "30": 0.012845849802371542, "31": 0.0266798418972332, "32": 0.019762845849802372}