{"0": 0.001976284584980237, "1": 0.001976284584980237, "2": 0.0, "3": 0.0, "4": 0.015810276679841896, "5": 0.13537549407114624, "6": 0.3211462450592885, "7": 0.5335968379446641, "8": 0.741106719367589, "9": 0.8142292490118577, "10": 0.8537549407114624, "11": 0.8656126482213439, "12": 0.8586956521739131, "13": 0.8764822134387352, "14": 0.8952569169960475, "15": 0.8942687747035574, "16": 0.9308300395256917, "17": 0.9061264822134387, "18": 0.9298418972332015, "19": 0.9288537549407114, "20": 0.8656126482213439, "21": 0.8211462450592886, "22": 0.5741106719367589, "23": 0.44466403162055335, "24": 0.32806324110671936, "25": 0.16403162055335968, "26": 0.116600790513834, "27": 0.05731225296442688, "28": 0.03458498023715415, "29": 0.03260869565217391, "30": 0.06521739130434782, "31": 0.07213438735177866, "32": 0.01383399209486166}