{"0": 0.004940711462450593, "1": 0.003952569169960474, "2": 0.0009881422924901185, "3": 0.00691699604743083, "4": 0.08498023715415019, "5": 0.2994071146245059, "6": 0.4762845849802372, "7": 0.700592885375494, "8": 0.8547430830039525, "9": 0.8853754940711462, "10": 0.8893280632411067, "11": 0.8893280632411067, "12": 0.8754940711462451, "13": 0.8725296442687747, "14": 0.8893280632411067, "15": 0.8705533596837944, "16": 0.8774703557312253, "17": 0.8320158102766798, "18": 0.8201581027667985, "19": 0.791501976284585, "20": 0.7134387351778656, "21": 0.6768774703557312, "22": 0.49703557312252966, "23": 0.43478260869565216, "24": 0.358695652173913, "25": 0.26877470355731226, "26": 0.2450592885375494, "27": 0.15711462450592886, "28": 0.12549407114624506, "29": 0.12154150197628459, "30": 0.041501976284584984, "31": 0.09189723320158102, "32": 0.22233201581027667}