{"0": 0.06027667984189723, "1": 0.03260869565217391, "2": 0.010869565217391304, "3": 0.042490118577075096, "4": 0.18774703557312253, "5": 0.43873517786561267, "6": 0.6432806324110671, "7": 0.7875494071146245, "8": 0.8903162055335968, "9": 0.9100790513833992, "10": 0.9308300395256917, "11": 0.9367588932806324, "12": 0.9397233201581028, "13": 0.9654150197628458, "14": 0.9693675889328063, "15": 0.9713438735177866, "16": 0.9822134387351779, "17": 0.974308300395257, "18": 0.9594861660079052, "19": 0.9515810276679841, "20": 0.9318181818181818, "21": 0.9179841897233202, "22": 0.8824110671936759, "23": 0.7737154150197628, "24": 0.691699604743083, "25": 0.33300395256917, "26": 0.2391304347826087, "27": 0.07707509881422925, "28": 0.042490118577075096, "29": 0.03458498023715415, "30": 0.023715415019762844, "31": 0.04743083003952569, "32": 0.10375494071146245}