{"0": 0.03359683794466403, "1": 0.019762845849802372, "2": 0.011857707509881422, "3": 0.029644268774703556, "4": 0.14723320158102768, "5": 0.424901185770751, "6": 0.5879446640316206, "7": 0.7401185770750988, "8": 0.8754940711462451, "9": 0.9308300395256917, "10": 0.9496047430830039, "11": 0.9456521739130435, "12": 0.9456521739130435, "13": 0.950592885375494, "14": 0.9604743083003953, "15": 0.9466403162055336, "16": 0.9604743083003953, "17": 0.9179841897233202, "18": 0.932806324110672, "19": 0.9199604743083004, "20": 0.9031620553359684, "21": 0.8458498023715415, "22": 0.8191699604743083, "23": 0.4841897233201581, "24": 0.31719367588932806, "25": 0.13043478260869565, "26": 0.08992094861660078, "27": 0.0266798418972332, "28": 0.012845849802371542, "29": 0.008893280632411068, "30": 0.004940711462450593, "31": 0.018774703557312252, "32": 0.13438735177865613}