{"0": 0.0, "1": 0.0, "2": 0.0, "3": 0.0, "4": 0.0009881422924901185, "5": 0.015810276679841896, "6": 0.07509881422924901, "7": 0.18873517786561264, "8": 0.35177865612648224, "9": 0.4575098814229249, "10": 0.5424901185770751, "11": 0.5602766798418972, "12": 0.5247035573122529, "13": 0.5424901185770751, "14": 0.6571146245059288, "15": 0.532608695652174, "16": 0.6650197628458498, "17": 0.5790513833992095, "18": 0.6462450592885376, "19": 0.4515810276679842, "20": 0.30632411067193677, "21": 0.2964426877470356, "22": 0.2658102766798419, "23": 0.16304347826086957, "24": 0.13142292490118576, "25": 0.06818181818181818, "26": 0.03260869565217391, "27": 0.011857707509881422, "28": 0.00691699604743083, "29": 0.007905138339920948, "30": 0.022727272727272728, "31": 0.029644268774703556, "32": 0.003952569169960474}