{"0": 0.06225296442687747, "1": 0.015810276679841896, "2": 0.003952569169960474, "3": 0.007905138339920948, "4": 0.018774703557312252, "5": 0.03260869565217391, "6": 0.058300395256917, "7": 0.09683794466403162, "8": 0.1482213438735178, "9": 0.20553359683794467, "10": 0.2391304347826087, "11": 0.23715415019762845, "12": 0.2618577075098814, "13": 0.25395256916996045, "14": 0.25, "15": 0.233201581027668, "16": 0.17490118577075098, "17": 0.20553359683794467, "18": 0.17391304347826086, "19": 0.18280632411067194, "20": 0.0958498023715415, "21": 0.08498023715415019, "22": 0.07015810276679842, "23": 0.0533596837944664, "24": 0.042490118577075096, "25": 0.023715415019762844, "26": 0.020750988142292492, "27": 0.011857707509881422, "28": 0.009881422924901186, "29": 0.009881422924901186, "30": 0.009881422924901186, "31": 0.009881422924901186, "32": 0.0266798418972332}