{"0": 0.14130434782608695, "1": 0.05434782608695652, "2": 0.011857707509881422, "3": 0.023715415019762844, "4": 0.025691699604743084, "5": 0.07608695652173914, "6": 0.10177865612648221, "7": 0.14130434782608695, "8": 0.2025691699604743, "9": 0.25889328063241107, "10": 0.2974308300395257, "11": 0.30434782608695654, "12": 0.3191699604743083, "13": 0.34288537549407117, "14": 0.33992094861660077, "15": 0.3102766798418972, "16": 0.2628458498023715, "17": 0.2756916996047431, "18": 0.2707509881422925, "19": 0.1907114624505929, "20": 0.12648221343873517, "21": 0.10770750988142293, "22": 0.12549407114624506, "23": 0.09288537549407115, "24": 0.08498023715415019, "25": 0.0533596837944664, "26": 0.046442687747035576, "27": 0.03359683794466403, "28": 0.019762845849802372, "29": 0.019762845849802372, "30": 0.016798418972332016, "31": 0.024703557312252964, "32": 0.014822134387351778}