{"0": 0.1274703557312253, "1": 0.09683794466403162, "2": 0.039525691699604744, "3": 0.12055335968379446, "4": 0.3616600790513834, "5": 0.6699604743083004, "6": 0.7964426877470355, "7": 0.9110671936758893, "8": 0.958498023715415, "9": 0.9713438735177866, "10": 0.9752964426877471, "11": 0.9782608695652174, "12": 0.9772727272727273, "13": 0.9861660079051383, "14": 0.9861660079051383, "15": 0.991106719367589, "16": 0.9891304347826086, "17": 0.9812252964426877, "18": 0.9802371541501976, "19": 0.9723320158102767, "20": 0.9634387351778656, "21": 0.9387351778656127, "22": 0.9298418972332015, "23": 0.91600790513834, "24": 0.8478260869565217, "25": 0.6571146245059288, "26": 0.3241106719367589, "27": 0.17984189723320157, "28": 0.12944664031620554, "29": 0.10177865612648221, "30": 0.08102766798418973, "31": 0.1808300395256917, "32": 0.24209486166007904}