{"0": 0.05533596837944664, "1": 0.020750988142292492, "2": 0.004940711462450593, "3": 0.010869565217391304, "4": 0.038537549407114624, "5": 0.0958498023715415, "6": 0.21640316205533597, "7": 0.4160079051383399, "8": 0.6185770750988142, "9": 0.7193675889328063, "10": 0.7717391304347826, "11": 0.7905138339920948, "12": 0.7964426877470355, "13": 0.8300395256916996, "14": 0.8359683794466403, "15": 0.8063241106719368, "16": 0.7539525691699605, "17": 0.6373517786561265, "18": 0.6630434782608695, "19": 0.13438735177865613, "20": 0.1422924901185771, "21": 0.10968379446640317, "22": 0.21442687747035574, "23": 0.058300395256917, "24": 0.07509881422924901, "25": 0.01383399209486166, "26": 0.009881422924901186, "27": 0.004940711462450593, "28": 0.003952569169960474, "29": 0.003952569169960474, "30": 0.003952569169960474, "31": 0.004940711462450593, "32": 0.019762845849802372}