{"0": 0.11561264822134387, "1": 0.1067193675889328, "2": 0.04841897233201581, "3": 0.16699604743083005, "4": 0.48221343873517786, "5": 0.7351778656126482, "6": 0.8557312252964426, "7": 0.9288537549407114, "8": 0.9713438735177866, "9": 0.9772727272727273, "10": 0.9812252964426877, "11": 0.9802371541501976, "12": 0.9782608695652174, "13": 0.9822134387351779, "14": 0.9891304347826086, "15": 0.9930830039525692, "16": 0.9950592885375494, "17": 0.9940711462450593, "18": 0.9940711462450593, "19": 0.9920948616600791, "20": 0.9881422924901185, "21": 0.9792490118577075, "22": 0.9703557312252964, "23": 0.9664031620553359, "24": 0.9456521739130435, "25": 0.8824110671936759, "26": 0.8152173913043478, "27": 0.5237154150197628, "28": 0.2717391304347826, "29": 0.18774703557312253, "30": 0.11758893280632411, "31": 0.2391304347826087, "32": 0.5108695652173914}