{"0": 0.09189723320158102, "1": 0.037549407114624504, "2": 0.015810276679841896, "3": 0.038537549407114624, "4": 0.07015810276679842, "5": 0.17588932806324112, "6": 0.2134387351778656, "7": 0.31719367588932806, "8": 0.44960474308300397, "9": 0.5810276679841897, "10": 0.6413043478260869, "11": 0.6689723320158103, "12": 0.6699604743083004, "13": 0.6996047430830039, "14": 0.682806324110672, "15": 0.6758893280632411, "16": 0.6205533596837944, "17": 0.6086956521739131, "18": 0.5958498023715415, "19": 0.5474308300395256, "20": 0.3577075098814229, "21": 0.274703557312253, "22": 0.29545454545454547, "23": 0.2658102766798419, "24": 0.24308300395256918, "25": 0.12944664031620554, "26": 0.12549407114624506, "27": 0.04743083003952569, "28": 0.0266798418972332, "29": 0.019762845849802372, "30": 0.011857707509881422, "31": 0.019762845849802372, "32": 0.02766798418972332}