{"0": 0.012845849802371542, "1": 0.017786561264822136, "2": 0.017786561264822136, "3": 0.06719367588932806, "4": 0.3201581027667984, "5": 0.5523715415019763, "6": 0.691699604743083, "7": 0.7875494071146245, "8": 0.8754940711462451, "9": 0.9199604743083004, "10": 0.9229249011857708, "11": 0.9209486166007905, "12": 0.9140316205533597, "13": 0.9110671936758893, "14": 0.9288537549407114, "15": 0.9130434782608695, "16": 0.9288537549407114, "17": 0.8843873517786561, "18": 0.8962450592885376, "19": 0.8725296442687747, "20": 0.8280632411067194, "21": 0.799407114624506, "22": 0.7766798418972332, "23": 0.7697628458498024, "24": 0.6017786561264822, "25": 0.4308300395256917, "26": 0.44664031620553357, "27": 0.20553359683794467, "28": 0.18379446640316205, "29": 0.15711462450592886, "30": 0.4298418972332016, "31": 0.6106719367588933, "32": 0.20355731225296442}