{"0": 0.0, "1": 0.0009881422924901185, "2": 0.0, "3": 0.0, "4": 0.0, "5": 0.009881422924901186, "6": 0.017786561264822136, "7": 0.058300395256917, "8": 0.14624505928853754, "9": 0.23221343873517786, "10": 0.2924901185770751, "11": 0.2964426877470356, "12": 0.2490118577075099, "13": 0.2519762845849802, "14": 0.366600790513834, "15": 0.2766798418972332, "16": 0.34980237154150196, "17": 0.29150197628458496, "18": 0.32707509881422925, "19": 0.2608695652173913, "20": 0.20948616600790515, "21": 0.16996047430830039, "22": 0.14525691699604742, "23": 0.10770750988142293, "24": 0.07015810276679842, "25": 0.046442687747035576, "26": 0.043478260869565216, "27": 0.029644268774703556, "28": 0.023715415019762844, "29": 0.018774703557312252, "30": 0.010869565217391304, "31": 0.014822134387351778, "32": 0.0029644268774703555}