{"0": 0.0, "1": 0.0, "2": 0.0, "3": 0.0, "4": 0.0009881422924901185, "5": 0.014822134387351778, "6": 0.03260869565217391, "7": 0.0741106719367589, "8": 0.15612648221343872, "9": 0.2490118577075099, "10": 0.3221343873517787, "11": 0.3310276679841897, "12": 0.29446640316205536, "13": 0.32707509881422925, "14": 0.46047430830039526, "15": 0.32806324110671936, "16": 0.4871541501976285, "17": 0.4140316205533597, "18": 0.49209486166007904, "19": 0.38438735177865613, "20": 0.26877470355731226, "21": 0.2450592885375494, "22": 0.27865612648221344, "23": 0.22628458498023715, "24": 0.18972332015810275, "25": 0.11067193675889328, "26": 0.10474308300395258, "27": 0.05138339920948617, "28": 0.036561264822134384, "29": 0.018774703557312252, "30": 0.012845849802371542, "31": 0.012845849802371542, "32": 0.0009881422924901185}