{"0": 0.0, "1": 0.0, "2": 0.0009881422924901185, "3": 0.001976284584980237, "4": 0.011857707509881422, "5": 0.046442687747035576, "6": 0.10177865612648221, "7": 0.22529644268774704, "8": 0.3932806324110672, "9": 0.508893280632411, "10": 0.5454545454545454, "11": 0.5533596837944664, "12": 0.475296442687747, "13": 0.47035573122529645, "14": 0.6096837944664032, "15": 0.44367588932806323, "16": 0.5731225296442688, "17": 0.47035573122529645, "18": 0.5138339920948617, "19": 0.14525691699604742, "20": 0.11067193675889328, "21": 0.08596837944664032, "22": 0.09486166007905138, "23": 0.045454545454545456, "24": 0.041501976284584984, "25": 0.012845849802371542, "26": 0.009881422924901186, "27": 0.001976284584980237, "28": 0.001976284584980237, "29": 0.001976284584980237, "30": 0.001976284584980237, "31": 0.001976284584980237, "32": 0.0009881422924901185}