{"0": 0.09881422924901186, "1": 0.04940711462450593, "2": 0.023715415019762844, "3": 0.05632411067193676, "4": 0.11067193675889328, "5": 0.24110671936758893, "6": 0.30533596837944665, "7": 0.36363636363636365, "8": 0.44367588932806323, "9": 0.5266798418972332, "10": 0.5662055335968379, "11": 0.5563241106719368, "12": 0.5405138339920948, "13": 0.5316205533596838, "14": 0.5731225296442688, "15": 0.5790513833992095, "16": 0.5909090909090909, "17": 0.558300395256917, "18": 0.6047430830039525, "19": 0.4980237154150198, "20": 0.4189723320158103, "21": 0.38735177865612647, "22": 0.3774703557312253, "23": 0.3102766798418972, "24": 0.2707509881422925, "25": 0.1432806324110672, "26": 0.116600790513834, "27": 0.06818181818181818, "28": 0.037549407114624504, "29": 0.038537549407114624, "30": 0.030632411067193676, "31": 0.03359683794466403, "32": 0.017786561264822136}