{"0": 0.001976284584980237, "1": 0.0, "2": 0.0009881422924901185, "3": 0.001976284584980237, "4": 0.004940711462450593, "5": 0.020750988142292492, "6": 0.038537549407114624, "7": 0.07509881422924901, "8": 0.16403162055335968, "9": 0.28063241106719367, "10": 0.3181818181818182, "11": 0.3221343873517787, "12": 0.3073122529644269, "13": 0.3201581027667984, "14": 0.3349802371541502, "15": 0.2865612648221344, "16": 0.22727272727272727, "17": 0.16205533596837945, "18": 0.1907114624505929, "19": 0.17786561264822134, "20": 0.08201581027667984, "21": 0.06818181818181818, "22": 0.06225296442687747, "23": 0.05039525691699605, "24": 0.043478260869565216, "25": 0.02766798418972332, "26": 0.012845849802371542, "27": 0.005928853754940711, "28": 0.005928853754940711, "29": 0.005928853754940711, "30": 0.003952569169960474, "31": 0.022727272727272728, "32": 0.02766798418972332}