{"0": 0.001976284584980237, "1": 0.0009881422924901185, "2": 0.0, "3": 0.0009881422924901185, "4": 0.0009881422924901185, "5": 0.001976284584980237, "6": 0.001976284584980237, "7": 0.001976284584980237, "8": 0.011857707509881422, "9": 0.03162055335968379, "10": 0.044466403162055336, "11": 0.0533596837944664, "12": 0.045454545454545456, "13": 0.030632411067193676, "14": 0.07114624505928854, "15": 0.043478260869565216, "16": 0.05039525691699605, "17": 0.06027667984189723, "18": 0.11067193675889328, "19": 0.07707509881422925, "20": 0.07015810276679842, "21": 0.058300395256917, "22": 0.06027667984189723, "23": 0.046442687747035576, "24": 0.03359683794466403, "25": 0.023715415019762844, "26": 0.022727272727272728, "27": 0.012845849802371542, "28": 0.010869565217391304, "29": 0.007905138339920948, "30": 0.004940711462450593, "31": 0.007905138339920948, "32": 0.007905138339920948}