{"0": 0.05434782608695652, "1": 0.015810276679841896, "2": 0.005928853754940711, "3": 0.008893280632411068, "4": 0.007905138339920948, "5": 0.017786561264822136, "6": 0.022727272727272728, "7": 0.029644268774703556, "8": 0.040513833992094864, "9": 0.0691699604743083, "10": 0.07707509881422925, "11": 0.0800395256916996, "12": 0.08596837944664032, "13": 0.09782608695652174, "14": 0.08893280632411067, "15": 0.06620553359683795, "16": 0.06027667984189723, "17": 0.04841897233201581, "18": 0.040513833992094864, "19": 0.05434782608695652, "20": 0.020750988142292492, "21": 0.025691699604743084, "22": 0.011857707509881422, "23": 0.011857707509881422, "24": 0.010869565217391304, "25": 0.009881422924901186, "26": 0.009881422924901186, "27": 0.007905138339920948, "28": 0.007905138339920948, "29": 0.007905138339920948, "30": 0.008893280632411068, "31": 0.010869565217391304, "32": 0.005928853754940711}