{"0": 0.005928853754940711, "1": 0.0009881422924901185, "2": 0.0, "3": 0.0009881422924901185, "4": 0.009881422924901186, "5": 0.043478260869565216, "6": 0.09189723320158102, "7": 0.1857707509881423, "8": 0.3231225296442688, "9": 0.44466403162055335, "10": 0.4901185770750988, "11": 0.49604743083003955, "12": 0.43873517786561267, "13": 0.4624505928853755, "14": 0.5158102766798419, "15": 0.4298418972332016, "16": 0.424901185770751, "17": 0.35177865612648224, "18": 0.40217391304347827, "19": 0.22430830039525693, "20": 0.1590909090909091, "21": 0.09387351778656126, "22": 0.06818181818181818, "23": 0.037549407114624504, "24": 0.03458498023715415, "25": 0.011857707509881422, "26": 0.011857707509881422, "27": 0.005928853754940711, "28": 0.004940711462450593, "29": 0.004940711462450593, "30": 0.005928853754940711, "31": 0.00691699604743083, "32": 0.045454545454545456}