{"0": 0.036561264822134384, "1": 0.030632411067193676, "2": 0.016798418972332016, "3": 0.043478260869565216, "4": 0.26877470355731226, "5": 0.5079051383399209, "6": 0.6314229249011858, "7": 0.7608695652173914, "8": 0.8586956521739131, "9": 0.8913043478260869, "10": 0.9130434782608695, "11": 0.9021739130434783, "12": 0.8843873517786561, "13": 0.892292490118577, "14": 0.91600790513834, "15": 0.892292490118577, "16": 0.908102766798419, "17": 0.8715415019762845, "18": 0.8557312252964426, "19": 0.8478260869565217, "20": 0.7924901185770751, "21": 0.782608695652174, "22": 0.7569169960474308, "23": 0.6857707509881423, "24": 0.6353754940711462, "25": 0.575098814229249, "26": 0.5484189723320159, "27": 0.43774703557312256, "28": 0.3448616600790514, "29": 0.12549407114624506, "30": 0.24110671936758893, "31": 0.4407114624505929, "32": 0.5622529644268774}