{"0": 0.007905138339920948, "1": 0.0009881422924901185, "2": 0.0, "3": 0.0, "4": 0.0009881422924901185, "5": 0.001976284584980237, "6": 0.003952569169960474, "7": 0.004940711462450593, "8": 0.00691699604743083, "9": 0.008893280632411068, "10": 0.010869565217391304, "11": 0.012845849802371542, "12": 0.012845849802371542, "13": 0.008893280632411068, "14": 0.011857707509881422, "15": 0.010869565217391304, "16": 0.012845849802371542, "17": 0.010869565217391304, "18": 0.03359683794466403, "19": 0.03359683794466403, "20": 0.023715415019762844, "21": 0.02766798418972332, "22": 0.0266798418972332, "23": 0.019762845849802372, "24": 0.015810276679841896, "25": 0.008893280632411068, "26": 0.008893280632411068, "27": 0.004940711462450593, "28": 0.003952569169960474, "29": 0.00691699604743083, "30": 0.009881422924901186, "31": 0.016798418972332016, "32": 0.009881422924901186}