{"0": 0.0800395256916996, "1": 0.0266798418972332, "2": 0.008893280632411068, "3": 0.016798418972332016, "4": 0.030632411067193676, "5": 0.045454545454545456, "6": 0.05533596837944664, "7": 0.05731225296442688, "8": 0.06225296442687747, "9": 0.07312252964426877, "10": 0.07608695652173914, "11": 0.07509881422924901, "12": 0.07608695652173914, "13": 0.07509881422924901, "14": 0.0741106719367589, "15": 0.06620553359683795, "16": 0.06225296442687747, "17": 0.07015810276679842, "18": 0.06126482213438735, "19": 0.06719367588932806, "20": 0.023715415019762844, "21": 0.02766798418972332, "22": 0.03162055335968379, "23": 0.03557312252964427, "24": 0.03458498023715415, "25": 0.024703557312252964, "26": 0.023715415019762844, "27": 0.017786561264822136, "28": 0.016798418972332016, "29": 0.014822134387351778, "30": 0.012845849802371542, "31": 0.01383399209486166, "32": 0.0009881422924901185}