{"0": 0.030632411067193676, "1": 0.014822134387351778, "2": 0.004940711462450593, "3": 0.008893280632411068, "4": 0.044466403162055336, "5": 0.17687747035573123, "6": 0.35276679841897235, "7": 0.5563241106719368, "8": 0.6966403162055336, "9": 0.7727272727272727, "10": 0.8102766798418972, "11": 0.8428853754940712, "12": 0.8260869565217391, "13": 0.8557312252964426, "14": 0.8754940711462451, "15": 0.8636363636363636, "16": 0.8695652173913043, "17": 0.8092885375494071, "18": 0.8488142292490118, "19": 0.7944664031620553, "20": 0.674901185770751, "21": 0.6274703557312253, "22": 0.6096837944664032, "23": 0.33893280632411066, "24": 0.21541501976284586, "25": 0.04743083003952569, "26": 0.029644268774703556, "27": 0.004940711462450593, "28": 0.003952569169960474, "29": 0.0029644268774703555, "30": 0.001976284584980237, "31": 0.004940711462450593, "32": 0.038537549407114624}