{"0": 0.07707509881422925, "1": 0.023715415019762844, "2": 0.009881422924901186, "3": 0.018774703557312252, "4": 0.019762845849802372, "5": 0.0266798418972332, "6": 0.03359683794466403, "7": 0.038537549407114624, "8": 0.041501976284584984, "9": 0.045454545454545456, "10": 0.04940711462450593, "11": 0.05138339920948617, "12": 0.05138339920948617, "13": 0.058300395256917, "14": 0.046442687747035576, "15": 0.036561264822134384, "16": 0.03458498023715415, "17": 0.05237154150197629, "18": 0.041501976284584984, "19": 0.0533596837944664, "20": 0.0266798418972332, "21": 0.02865612648221344, "22": 0.024703557312252964, "23": 0.021739130434782608, "24": 0.020750988142292492, "25": 0.017786561264822136, "26": 0.015810276679841896, "27": 0.008893280632411068, "28": 0.007905138339920948, "29": 0.008893280632411068, "30": 0.008893280632411068, "31": 0.008893280632411068, "32": 0.004940711462450593}