{"0": 0.01383399209486166, "1": 0.007905138339920948, "2": 0.0029644268774703555, "3": 0.005928853754940711, "4": 0.03162055335968379, "5": 0.1422924901185771, "6": 0.3073122529644269, "7": 0.5049407114624506, "8": 0.7045454545454546, "9": 0.7964426877470355, "10": 0.8330039525691699, "11": 0.8547430830039525, "12": 0.8517786561264822, "13": 0.8685770750988142, "14": 0.8873517786561265, "15": 0.8656126482213439, "16": 0.8626482213438735, "17": 0.7974308300395256, "18": 0.857707509881423, "19": 0.7262845849802372, "20": 0.6413043478260869, "21": 0.5958498023715415, "22": 0.4881422924901186, "23": 0.35276679841897235, "24": 0.16304347826086957, "25": 0.03162055335968379, "26": 0.022727272727272728, "27": 0.00691699604743083, "28": 0.004940711462450593, "29": 0.004940711462450593, "30": 0.004940711462450593, "31": 0.005928853754940711, "32": 0.03458498023715415}