{"0": 0.0, "1": 0.0, "2": 0.0, "3": 0.0, "4": 0.0, "5": 0.008893280632411068, "6": 0.017786561264822136, "7": 0.05632411067193676, "8": 0.13537549407114624, "9": 0.20652173913043478, "10": 0.26877470355731226, "11": 0.2598814229249012, "12": 0.2341897233201581, "13": 0.24604743083003952, "14": 0.3547430830039526, "15": 0.28063241106719367, "16": 0.35375494071146246, "17": 0.274703557312253, "18": 0.28952569169960474, "19": 0.1966403162055336, "20": 0.1383399209486166, "21": 0.12845849802371542, "22": 0.13043478260869565, "23": 0.08596837944664032, "24": 0.06719367588932806, "25": 0.044466403162055336, "26": 0.039525691699604744, "27": 0.024703557312252964, "28": 0.015810276679841896, "29": 0.007905138339920948, "30": 0.005928853754940711, "31": 0.017786561264822136, "32": 0.004940711462450593}