{"0": 0.004940711462450593, "1": 0.0009881422924901185, "2": 0.0, "3": 0.003952569169960474, "4": 0.020750988142292492, "5": 0.12450592885375494, "6": 0.22233201581027667, "7": 0.4150197628458498, "8": 0.5849802371541502, "9": 0.6788537549407114, "10": 0.7124505928853755, "11": 0.7104743083003953, "12": 0.6788537549407114, "13": 0.7075098814229249, "14": 0.7272727272727273, "15": 0.6798418972332015, "16": 0.6650197628458498, "17": 0.5711462450592886, "18": 0.5217391304347826, "19": 0.4901185770750988, "20": 0.2984189723320158, "21": 0.24802371541501977, "22": 0.2618577075098814, "23": 0.233201581027668, "24": 0.20454545454545456, "25": 0.09782608695652174, "26": 0.09090909090909091, "27": 0.05434782608695652, "28": 0.030632411067193676, "29": 0.022727272727272728, "30": 0.009881422924901186, "31": 0.019762845849802372, "32": 0.07707509881422925}