{"0": 0.05632411067193676, "1": 0.020750988142292492, "2": 0.001976284584980237, "3": 0.007905138339920948, "4": 0.019762845849802372, "5": 0.0800395256916996, "6": 0.17292490118577075, "7": 0.325098814229249, "8": 0.5108695652173914, "9": 0.6146245059288538, "10": 0.7075098814229249, "11": 0.7381422924901185, "12": 0.7569169960474308, "13": 0.7885375494071146, "14": 0.7579051383399209, "15": 0.7816205533596838, "16": 0.7193675889328063, "17": 0.700592885375494, "18": 0.6897233201581028, "19": 0.6482213438735178, "20": 0.37648221343873517, "21": 0.3675889328063241, "22": 0.34782608695652173, "23": 0.2855731225296443, "24": 0.23122529644268774, "25": 0.04940711462450593, "26": 0.038537549407114624, "27": 0.0266798418972332, "28": 0.012845849802371542, "29": 0.01383399209486166, "30": 0.009881422924901186, "31": 0.016798418972332016, "32": 0.0533596837944664}