{"0": 0.05928853754940711, "1": 0.019762845849802372, "2": 0.00691699604743083, "3": 0.010869565217391304, "4": 0.010869565217391304, "5": 0.023715415019762844, "6": 0.037549407114624504, "7": 0.043478260869565216, "8": 0.0800395256916996, "9": 0.10869565217391304, "10": 0.13636363636363635, "11": 0.15217391304347827, "12": 0.18181818181818182, "13": 0.20454545454545456, "14": 0.17885375494071146, "15": 0.16304347826086957, "16": 0.12154150197628459, "17": 0.10770750988142293, "18": 0.08695652173913043, "19": 0.05434782608695652, "20": 0.040513833992094864, "21": 0.038537549407114624, "22": 0.058300395256917, "23": 0.018774703557312252, "24": 0.022727272727272728, "25": 0.011857707509881422, "26": 0.014822134387351778, "27": 0.017786561264822136, "28": 0.016798418972332016, "29": 0.018774703557312252, "30": 0.022727272727272728, "31": 0.021739130434782608, "32": 0.022727272727272728}