{"0": 0.0, "1": 0.0, "2": 0.0, "3": 0.0, "4": 0.0, "5": 0.0009881422924901185, "6": 0.0009881422924901185, "7": 0.0029644268774703555, "8": 0.008893280632411068, "9": 0.0266798418972332, "10": 0.043478260869565216, "11": 0.042490118577075096, "12": 0.03557312252964427, "13": 0.039525691699604744, "14": 0.07114624505928854, "15": 0.0533596837944664, "16": 0.08992094861660078, "17": 0.06620553359683795, "18": 0.1007905138339921, "19": 0.06027667984189723, "20": 0.042490118577075096, "21": 0.03260869565217391, "22": 0.03359683794466403, "23": 0.021739130434782608, "24": 0.017786561264822136, "25": 0.015810276679841896, "26": 0.014822134387351778, "27": 0.008893280632411068, "28": 0.007905138339920948, "29": 0.010869565217391304, "30": 0.007905138339920948, "31": 0.010869565217391304, "32": 0.003952569169960474}