{"0": 0.11857707509881422, "1": 0.0958498023715415, "2": 0.043478260869565216, "3": 0.16699604743083005, "4": 0.43280632411067194, "5": 0.6976284584980237, "6": 0.8102766798418972, "7": 0.8932806324110671, "8": 0.9486166007905138, "9": 0.9614624505928854, "10": 0.9723320158102767, "11": 0.9752964426877471, "12": 0.9752964426877471, "13": 0.9782608695652174, "14": 0.9782608695652174, "15": 0.9792490118577075, "16": 0.9851778656126482, "17": 0.9782608695652174, "18": 0.9802371541501976, "19": 0.9752964426877471, "20": 0.950592885375494, "21": 0.9486166007905138, "22": 0.9387351778656127, "23": 0.8893280632411067, "24": 0.8428853754940712, "25": 0.6126482213438735, "26": 0.4990118577075099, "27": 0.24011857707509882, "28": 0.1541501976284585, "29": 0.11363636363636363, "30": 0.09189723320158102, "31": 0.1225296442687747, "32": 0.41205533596837945}