{"0": 0.12154150197628459, "1": 0.09486166007905138, "2": 0.03557312252964427, "3": 0.116600790513834, "4": 0.3715415019762846, "5": 0.6403162055335968, "6": 0.7855731225296443, "7": 0.8794466403162056, "8": 0.9367588932806324, "9": 0.9555335968379447, "10": 0.967391304347826, "11": 0.967391304347826, "12": 0.9683794466403162, "13": 0.9762845849802372, "14": 0.9802371541501976, "15": 0.9802371541501976, "16": 0.9861660079051383, "17": 0.9733201581027668, "18": 0.9822134387351779, "19": 0.9703557312252964, "20": 0.9634387351778656, "21": 0.932806324110672, "22": 0.9071146245059288, "23": 0.900197628458498, "24": 0.8794466403162056, "25": 0.3942687747035573, "26": 0.2924901185770751, "27": 0.0800395256916996, "28": 0.058300395256917, "29": 0.04841897233201581, "30": 0.030632411067193676, "31": 0.04940711462450593, "32": 0.20553359683794467}