{"0": 0.09387351778656126, "1": 0.02766798418972332, "2": 0.008893280632411068, "3": 0.015810276679841896, "4": 0.016798418972332016, "5": 0.02766798418972332, "6": 0.030632411067193676, "7": 0.03557312252964427, "8": 0.039525691699604744, "9": 0.05237154150197629, "10": 0.06126482213438735, "11": 0.0691699604743083, "12": 0.07015810276679842, "13": 0.0800395256916996, "14": 0.0741106719367589, "15": 0.06126482213438735, "16": 0.058300395256917, "17": 0.07213438735177866, "18": 0.058300395256917, "19": 0.0691699604743083, "20": 0.03557312252964427, "21": 0.041501976284584984, "22": 0.040513833992094864, "23": 0.02865612648221344, "24": 0.025691699604743084, "25": 0.016798418972332016, "26": 0.015810276679841896, "27": 0.007905138339920948, "28": 0.007905138339920948, "29": 0.011857707509881422, "30": 0.009881422924901186, "31": 0.014822134387351778, "32": 0.005928853754940711}