{"0": 0.13932806324110672, "1": 0.07608695652173914, "2": 0.020750988142292492, "3": 0.06324110671936758, "4": 0.20454545454545456, "5": 0.4367588932806324, "6": 0.6086956521739131, "7": 0.7549407114624506, "8": 0.8754940711462451, "9": 0.9130434782608695, "10": 0.924901185770751, "11": 0.9446640316205533, "12": 0.9397233201581028, "13": 0.9644268774703557, "14": 0.974308300395257, "15": 0.9782608695652174, "16": 0.9792490118577075, "17": 0.9693675889328063, "18": 0.9664031620553359, "19": 0.9525691699604744, "20": 0.9337944664031621, "21": 0.8478260869565217, "22": 0.8784584980237155, "23": 0.8428853754940712, "24": 0.8063241106719368, "25": 0.6640316205533597, "26": 0.39624505928853754, "27": 0.14723320158102768, "28": 0.07114624505928854, "29": 0.06027667984189723, "30": 0.044466403162055336, "31": 0.05632411067193676, "32": 0.08992094861660078}