{"0": 0.0009881422924901185, "1": 0.0, "2": 0.0, "3": 0.0, "4": 0.001976284584980237, "5": 0.009881422924901186, "6": 0.019762845849802372, "7": 0.05928853754940711, "8": 0.13438735177865613, "9": 0.21047430830039526, "10": 0.2658102766798419, "11": 0.2845849802371542, "12": 0.2381422924901186, "13": 0.24011857707509882, "14": 0.3715415019762846, "15": 0.24209486166007904, "16": 0.3577075098814229, "17": 0.22628458498023715, "18": 0.13932806324110672, "19": 0.17885375494071146, "20": 0.09683794466403162, "21": 0.08794466403162056, "22": 0.07509881422924901, "23": 0.07509881422924901, "24": 0.06324110671936758, "25": 0.02766798418972332, "26": 0.023715415019762844, "27": 0.018774703557312252, "28": 0.011857707509881422, "29": 0.009881422924901186, "30": 0.007905138339920948, "31": 0.015810276679841896, "32": 0.003952569169960474}