{"0": 0.017786561264822136, "1": 0.00691699604743083, "2": 0.0, "3": 0.0029644268774703555, "4": 0.009881422924901186, "5": 0.06324110671936758, "6": 0.11264822134387352, "7": 0.22628458498023715, "8": 0.3685770750988142, "9": 0.4851778656126482, "10": 0.5158102766798419, "11": 0.5158102766798419, "12": 0.49604743083003955, "13": 0.516798418972332, "14": 0.5355731225296443, "15": 0.5286561264822134, "16": 0.4525691699604743, "17": 0.4041501976284585, "18": 0.4209486166007905, "19": 0.2727272727272727, "20": 0.20948616600790515, "21": 0.16304347826086957, "22": 0.15217391304347827, "23": 0.09782608695652174, "24": 0.07806324110671936, "25": 0.046442687747035576, "26": 0.036561264822134384, "27": 0.017786561264822136, "28": 0.012845849802371542, "29": 0.012845849802371542, "30": 0.011857707509881422, "31": 0.016798418972332016, "32": 0.06027667984189723}