{"0": 0.016798418972332016, "1": 0.020750988142292492, "2": 0.015810276679841896, "3": 0.08794466403162056, "4": 0.3241106719367589, "5": 0.6126482213438735, "6": 0.7193675889328063, "7": 0.8379446640316206, "8": 0.8962450592885376, "9": 0.9229249011857708, "10": 0.9288537549407114, "11": 0.9337944664031621, "12": 0.9268774703557312, "13": 0.9476284584980237, "14": 0.958498023715415, "15": 0.9446640316205533, "16": 0.9644268774703557, "17": 0.9179841897233202, "18": 0.9090909090909091, "19": 0.8754940711462451, "20": 0.8537549407114624, "21": 0.8399209486166008, "22": 0.782608695652174, "23": 0.7658102766798419, "24": 0.7164031620553359, "25": 0.466403162055336, "26": 0.48122529644268774, "27": 0.17193675889328064, "28": 0.11363636363636363, "29": 0.13438735177865613, "30": 0.17885375494071146, "31": 0.2855731225296443, "32": 0.5247035573122529}