{"0": 0.0741106719367589, "1": 0.012845849802371542, "2": 0.003952569169960474, "3": 0.008893280632411068, "4": 0.009881422924901186, "5": 0.0266798418972332, "6": 0.038537549407114624, "7": 0.04841897233201581, "8": 0.08300395256916997, "9": 0.10177865612648221, "10": 0.12351778656126482, "11": 0.11758893280632411, "12": 0.1324110671936759, "13": 0.15019762845849802, "14": 0.12351778656126482, "15": 0.10968379446640317, "16": 0.09189723320158102, "17": 0.09881422924901186, "18": 0.0741106719367589, "19": 0.10968379446640317, "20": 0.00691699604743083, "21": 0.007905138339920948, "22": 0.018774703557312252, "23": 0.018774703557312252, "24": 0.017786561264822136, "25": 0.008893280632411068, "26": 0.00691699604743083, "27": 0.004940711462450593, "28": 0.005928853754940711, "29": 0.005928853754940711, "30": 0.004940711462450593, "31": 0.00691699604743083, "32": 0.005928853754940711}