{"0": 0.05138339920948617, "1": 0.030632411067193676, "2": 0.008893280632411068, "3": 0.04841897233201581, "4": 0.25889328063241107, "5": 0.5009881422924901, "6": 0.7015810276679841, "7": 0.8320158102766798, "8": 0.9258893280632411, "9": 0.9515810276679841, "10": 0.9575098814229249, "11": 0.9604743083003953, "12": 0.9654150197628458, "13": 0.9723320158102767, "14": 0.9752964426877471, "15": 0.9762845849802372, "16": 0.9871541501976284, "17": 0.9683794466403162, "18": 0.9772727272727273, "19": 0.9575098814229249, "20": 0.9515810276679841, "21": 0.9347826086956522, "22": 0.9288537549407114, "23": 0.866600790513834, "24": 0.8132411067193676, "25": 0.4298418972332016, "26": 0.3794466403162055, "27": 0.09090909090909091, "28": 0.06225296442687747, "29": 0.05434782608695652, "30": 0.029644268774703556, "31": 0.0691699604743083, "32": 0.20355731225296442}