{"0": 0.1482213438735178, "1": 0.17490118577075098, "2": 0.10375494071146245, "3": 0.3231225296442688, "4": 0.6146245059288538, "5": 0.8507905138339921, "6": 0.9120553359683794, "7": 0.9624505928853755, "8": 0.9822134387351779, "9": 0.9901185770750988, "10": 0.9920948616600791, "11": 0.9920948616600791, "12": 0.9901185770750988, "13": 0.9950592885375494, "14": 0.9960474308300395, "15": 0.9960474308300395, "16": 0.9970355731225297, "17": 0.9960474308300395, "18": 0.9950592885375494, "19": 0.9930830039525692, "20": 0.991106719367589, "21": 0.9891304347826086, "22": 0.9861660079051383, "23": 0.9812252964426877, "24": 0.9713438735177866, "25": 0.9456521739130435, "26": 0.8626482213438735, "27": 0.6482213438735178, "28": 0.3695652173913043, "29": 0.2648221343873518, "30": 0.1600790513833992, "31": 0.33992094861660077, "32": 0.45948616600790515}