{"0": 0.11561264822134387, "1": 0.05434782608695652, "2": 0.014822134387351778, "3": 0.06719367588932806, "4": 0.2865612648221344, "5": 0.6037549407114624, "6": 0.7401185770750988, "7": 0.8626482213438735, "8": 0.9219367588932806, "9": 0.950592885375494, "10": 0.9624505928853755, "11": 0.9644268774703557, "12": 0.9624505928853755, "13": 0.974308300395257, "14": 0.9812252964426877, "15": 0.9772727272727273, "16": 0.9930830039525692, "17": 0.9861660079051383, "18": 0.9841897233201581, "19": 0.9792490118577075, "20": 0.9614624505928854, "21": 0.9575098814229249, "22": 0.9041501976284585, "23": 0.900197628458498, "24": 0.8764822134387352, "25": 0.37549407114624506, "26": 0.27964426877470355, "27": 0.05434782608695652, "28": 0.03359683794466403, "29": 0.029644268774703556, "30": 0.023715415019762844, "31": 0.046442687747035576, "32": 0.4140316205533597}