{"0": 0.02766798418972332, "1": 0.04940711462450593, "2": 0.0266798418972332, "3": 0.15118577075098813, "4": 0.48122529644268774, "5": 0.7371541501976284, "6": 0.8379446640316206, "7": 0.9110671936758893, "8": 0.9525691699604744, "9": 0.9664031620553359, "10": 0.9733201581027668, "11": 0.9723320158102767, "12": 0.974308300395257, "13": 0.9802371541501976, "14": 0.9881422924901185, "15": 0.9881422924901185, "16": 0.9891304347826086, "17": 0.983201581027668, "18": 0.9851778656126482, "19": 0.9782608695652174, "20": 0.9723320158102767, "21": 0.9723320158102767, "22": 0.9703557312252964, "23": 0.9456521739130435, "24": 0.9239130434782609, "25": 0.8764822134387352, "26": 0.8656126482213439, "27": 0.7440711462450593, "28": 0.32608695652173914, "29": 0.3577075098814229, "30": 0.49703557312252966, "31": 0.782608695652174, "32": 0.7865612648221344}