{"0": 0.004940711462450593, "1": 0.0, "2": 0.0, "3": 0.0, "4": 0.0009881422924901185, "5": 0.0009881422924901185, "6": 0.0009881422924901185, "7": 0.001976284584980237, "8": 0.0029644268774703555, "9": 0.003952569169960474, "10": 0.00691699604743083, "11": 0.004940711462450593, "12": 0.004940711462450593, "13": 0.005928853754940711, "14": 0.005928853754940711, "15": 0.00691699604743083, "16": 0.00691699604743083, "17": 0.005928853754940711, "18": 0.012845849802371542, "19": 0.011857707509881422, "20": 0.012845849802371542, "21": 0.01383399209486166, "22": 0.009881422924901186, "23": 0.007905138339920948, "24": 0.005928853754940711, "25": 0.003952569169960474, "26": 0.0029644268774703555, "27": 0.001976284584980237, "28": 0.001976284584980237, "29": 0.001976284584980237, "30": 0.0029644268774703555, "31": 0.0029644268774703555, "32": 0.001976284584980237}