{"0": 0.0, "1": 0.0, "2": 0.0, "3": 0.0, "4": 0.0009881422924901185, "5": 0.003952569169960474, "6": 0.007905138339920948, "7": 0.020750988142292492, "8": 0.05928853754940711, "9": 0.09683794466403162, "10": 0.1422924901185771, "11": 0.14031620553359683, "12": 0.12154150197628459, "13": 0.12944664031620554, "14": 0.17094861660079053, "15": 0.12154150197628459, "16": 0.17391304347826086, "17": 0.1274703557312253, "18": 0.13043478260869565, "19": 0.11462450592885376, "20": 0.06126482213438735, "21": 0.05632411067193676, "22": 0.043478260869565216, "23": 0.03458498023715415, "24": 0.0266798418972332, "25": 0.015810276679841896, "26": 0.012845849802371542, "27": 0.008893280632411068, "28": 0.004940711462450593, "29": 0.005928853754940711, "30": 0.011857707509881422, "31": 0.01383399209486166, "32": 0.003952569169960474}