{"0": 0.05731225296442688, "1": 0.03557312252964427, "2": 0.011857707509881422, "3": 0.036561264822134384, "4": 0.19861660079051383, "5": 0.43280632411067194, "6": 0.6195652173913043, "7": 0.7598814229249012, "8": 0.8705533596837944, "9": 0.908102766798419, "10": 0.932806324110672, "11": 0.9367588932806324, "12": 0.9397233201581028, "13": 0.9565217391304348, "14": 0.9703557312252964, "15": 0.9683794466403162, "16": 0.9733201581027668, "17": 0.9614624505928854, "18": 0.9614624505928854, "19": 0.9407114624505929, "20": 0.9219367588932806, "21": 0.9011857707509882, "22": 0.8646245059288538, "23": 0.817193675889328, "24": 0.6511857707509882, "25": 0.22529644268774704, "26": 0.17885375494071146, "27": 0.05632411067193676, "28": 0.03359683794466403, "29": 0.02766798418972332, "30": 0.016798418972332016, "31": 0.03260869565217391, "32": 0.24802371541501977}