{"0": 0.05138339920948617, "1": 0.022727272727272728, "2": 0.007905138339920948, "3": 0.025691699604743084, "4": 0.1442687747035573, "5": 0.38636363636363635, "6": 0.5662055335968379, "7": 0.6996047430830039, "8": 0.8270750988142292, "9": 0.8814229249011858, "10": 0.9051383399209486, "11": 0.9199604743083004, "12": 0.9110671936758893, "13": 0.9318181818181818, "14": 0.9387351778656127, "15": 0.9377470355731226, "16": 0.941699604743083, "17": 0.9100790513833992, "18": 0.9169960474308301, "19": 0.8992094861660079, "20": 0.8596837944664032, "21": 0.8310276679841897, "22": 0.7638339920948617, "23": 0.541501976284585, "24": 0.44565217391304346, "25": 0.1373517786561265, "26": 0.09387351778656126, "27": 0.021739130434782608, "28": 0.014822134387351778, "29": 0.01383399209486166, "30": 0.007905138339920948, "31": 0.017786561264822136, "32": 0.09387351778656126}