{"0": 0.05632411067193676, "1": 0.022727272727272728, "2": 0.008893280632411068, "3": 0.017786561264822136, "4": 0.012845849802371542, "5": 0.019762845849802372, "6": 0.023715415019762844, "7": 0.02865612648221344, "8": 0.038537549407114624, "9": 0.045454545454545456, "10": 0.05434782608695652, "11": 0.06027667984189723, "12": 0.05928853754940711, "13": 0.06027667984189723, "14": 0.05632411067193676, "15": 0.04841897233201581, "16": 0.045454545454545456, "17": 0.06027667984189723, "18": 0.05039525691699605, "19": 0.05731225296442688, "20": 0.045454545454545456, "21": 0.042490118577075096, "22": 0.03557312252964427, "23": 0.0266798418972332, "24": 0.022727272727272728, "25": 0.017786561264822136, "26": 0.012845849802371542, "27": 0.009881422924901186, "28": 0.008893280632411068, "29": 0.008893280632411068, "30": 0.010869565217391304, "31": 0.016798418972332016, "32": 0.001976284584980237}