{"0": 0.05731225296442688, "1": 0.011857707509881422, "2": 0.0029644268774703555, "3": 0.007905138339920948, "4": 0.007905138339920948, "5": 0.022727272727272728, "6": 0.029644268774703556, "7": 0.041501976284584984, "8": 0.044466403162055336, "9": 0.06324110671936758, "10": 0.07707509881422925, "11": 0.08102766798418973, "12": 0.08695652173913043, "13": 0.09486166007905138, "14": 0.07509881422924901, "15": 0.06422924901185771, "16": 0.05434782608695652, "17": 0.06126482213438735, "18": 0.05533596837944664, "19": 0.04940711462450593, "20": 0.037549407114624504, "21": 0.038537549407114624, "22": 0.03458498023715415, "23": 0.03162055335968379, "24": 0.0266798418972332, "25": 0.014822134387351778, "26": 0.010869565217391304, "27": 0.005928853754940711, "28": 0.004940711462450593, "29": 0.003952569169960474, "30": 0.004940711462450593, "31": 0.01383399209486166, "32": 0.004940711462450593}