{"0": 0.09090909090909091, "1": 0.024703557312252964, "2": 0.009881422924901186, "3": 0.01383399209486166, "4": 0.014822134387351778, "5": 0.029644268774703556, "6": 0.03162055335968379, "7": 0.03162055335968379, "8": 0.042490118577075096, "9": 0.04743083003952569, "10": 0.0533596837944664, "11": 0.0533596837944664, "12": 0.058300395256917, "13": 0.05731225296442688, "14": 0.05138339920948617, "15": 0.039525691699604744, "16": 0.045454545454545456, "17": 0.040513833992094864, "18": 0.040513833992094864, "19": 0.05434782608695652, "20": 0.030632411067193676, "21": 0.03359683794466403, "22": 0.042490118577075096, "23": 0.036561264822134384, "24": 0.03557312252964427, "25": 0.017786561264822136, "26": 0.01383399209486166, "27": 0.010869565217391304, "28": 0.009881422924901186, "29": 0.010869565217391304, "30": 0.008893280632411068, "31": 0.011857707509881422, "32": 0.007905138339920948}