{"0": 0.11462450592885376, "1": 0.16897233201581027, "2": 0.09189723320158102, "3": 0.2450592885375494, "4": 0.5632411067193676, "5": 0.7737154150197628, "6": 0.8646245059288538, "7": 0.9268774703557312, "8": 0.9575098814229249, "9": 0.9664031620553359, "10": 0.9703557312252964, "11": 0.9713438735177866, "12": 0.9762845849802372, "13": 0.9841897233201581, "14": 0.9891304347826086, "15": 0.9901185770750988, "16": 0.991106719367589, "17": 0.9901185770750988, "18": 0.9861660079051383, "19": 0.9891304347826086, "20": 0.9851778656126482, "21": 0.9841897233201581, "22": 0.9802371541501976, "23": 0.9772727272727273, "24": 0.9723320158102767, "25": 0.9515810276679841, "26": 0.9229249011857708, "27": 0.7460474308300395, "28": 0.5988142292490118, "29": 0.4673913043478261, "30": 0.30335968379446643, "31": 0.4031620553359684, "32": 0.2509881422924901}