{"0": 0.05632411067193676, "1": 0.018774703557312252, "2": 0.005928853754940711, "3": 0.011857707509881422, "4": 0.01383399209486166, "5": 0.017786561264822136, "6": 0.018774703557312252, "7": 0.020750988142292492, "8": 0.024703557312252964, "9": 0.03458498023715415, "10": 0.041501976284584984, "11": 0.043478260869565216, "12": 0.043478260869565216, "13": 0.04743083003952569, "14": 0.039525691699604744, "15": 0.040513833992094864, "16": 0.03359683794466403, "17": 0.043478260869565216, "18": 0.038537549407114624, "19": 0.045454545454545456, "20": 0.018774703557312252, "21": 0.022727272727272728, "22": 0.015810276679841896, "23": 0.016798418972332016, "24": 0.016798418972332016, "25": 0.01383399209486166, "26": 0.011857707509881422, "27": 0.010869565217391304, "28": 0.009881422924901186, "29": 0.009881422924901186, "30": 0.008893280632411068, "31": 0.010869565217391304, "32": 0.0029644268774703555}