{"0": 0.07213438735177866, "1": 0.03458498023715415, "2": 0.015810276679841896, "3": 0.040513833992094864, "4": 0.06225296442687747, "5": 0.12450592885375494, "6": 0.17094861660079053, "7": 0.25, "8": 0.3685770750988142, "9": 0.4841897233201581, "10": 0.5098814229249012, "11": 0.5345849802371542, "12": 0.5316205533596838, "13": 0.5810276679841897, "14": 0.5958498023715415, "15": 0.5790513833992095, "16": 0.549407114624506, "17": 0.49703557312252966, "18": 0.5049407114624506, "19": 0.4051383399209486, "20": 0.33992094861660077, "21": 0.24209486166007904, "22": 0.21442687747035574, "23": 0.18675889328063242, "24": 0.1808300395256917, "25": 0.12450592885375494, "26": 0.11363636363636363, "27": 0.06422924901185771, "28": 0.036561264822134384, "29": 0.03260869565217391, "30": 0.021739130434782608, "31": 0.025691699604743084, "32": 0.023715415019762844}