{"0": 0.12154150197628459, "1": 0.08695652173913043, "2": 0.045454545454545456, "3": 0.14624505928853754, "4": 0.42292490118577075, "5": 0.7183794466403162, "6": 0.8349802371541502, "7": 0.9100790513833992, "8": 0.9555335968379447, "9": 0.9713438735177866, "10": 0.9782608695652174, "11": 0.9812252964426877, "12": 0.9802371541501976, "13": 0.9881422924901185, "14": 0.991106719367589, "15": 0.9901185770750988, "16": 0.9940711462450593, "17": 0.9871541501976284, "18": 0.9891304347826086, "19": 0.9871541501976284, "20": 0.9851778656126482, "21": 0.983201581027668, "22": 0.9693675889328063, "23": 0.9387351778656127, "24": 0.91600790513834, "25": 0.4891304347826087, "26": 0.41699604743083, "27": 0.1482213438735178, "28": 0.0691699604743083, "29": 0.06126482213438735, "30": 0.043478260869565216, "31": 0.07608695652173914, "32": 0.30237154150197626}