{"0": 0.05434782608695652, "1": 0.015810276679841896, "2": 0.007905138339920948, "3": 0.014822134387351778, "4": 0.012845849802371542, "5": 0.037549407114624504, "6": 0.07905138339920949, "7": 0.17292490118577075, "8": 0.3468379446640316, "9": 0.4881422924901186, "10": 0.5790513833992095, "11": 0.6215415019762845, "12": 0.6561264822134387, "13": 0.7252964426877471, "14": 0.6758893280632411, "15": 0.6413043478260869, "16": 0.5523715415019763, "17": 0.49308300395256915, "18": 0.33300395256917, "19": 0.4535573122529644, "20": 0.2075098814229249, "21": 0.1442687747035573, "22": 0.10177865612648221, "23": 0.08893280632411067, "24": 0.08399209486166008, "25": 0.022727272727272728, "26": 0.017786561264822136, "27": 0.008893280632411068, "28": 0.00691699604743083, "29": 0.00691699604743083, "30": 0.00691699604743083, "31": 0.019762845849802372, "32": 0.017786561264822136}