{"0": 0.0009881422924901185, "1": 0.0, "2": 0.0, "3": 0.0, "4": 0.001976284584980237, "5": 0.012845849802371542, "6": 0.029644268774703556, "7": 0.0958498023715415, "8": 0.19466403162055335, "9": 0.2519762845849802, "10": 0.3310276679841897, "11": 0.3231225296442688, "12": 0.29051383399209485, "13": 0.3102766798418972, "14": 0.4199604743083004, "15": 0.3339920948616601, "16": 0.41304347826086957, "17": 0.3468379446640316, "18": 0.37351778656126483, "19": 0.27964426877470355, "20": 0.1808300395256917, "21": 0.1600790513833992, "22": 0.1442687747035573, "23": 0.07905138339920949, "24": 0.058300395256917, "25": 0.03557312252964427, "26": 0.02766798418972332, "27": 0.011857707509881422, "28": 0.010869565217391304, "29": 0.008893280632411068, "30": 0.012845849802371542, "31": 0.022727272727272728, "32": 0.004940711462450593}