{"0": 0.0009881422924901185, "1": 0.0, "2": 0.0, "3": 0.0, "4": 0.0, "5": 0.0029644268774703555, "6": 0.012845849802371542, "7": 0.029644268774703556, "8": 0.09782608695652174, "9": 0.17292490118577075, "10": 0.17885375494071146, "11": 0.17588932806324112, "12": 0.1492094861660079, "13": 0.09881422924901186, "14": 0.21541501976284586, "15": 0.1225296442687747, "16": 0.23517786561264822, "17": 0.1907114624505929, "18": 0.30039525691699603, "19": 0.2549407114624506, "20": 0.16798418972332016, "21": 0.1590909090909091, "22": 0.16304347826086957, "23": 0.14130434782608695, "24": 0.1067193675889328, "25": 0.06620553359683795, "26": 0.05533596837944664, "27": 0.038537549407114624, "28": 0.023715415019762844, "29": 0.016798418972332016, "30": 0.018774703557312252, "31": 0.024703557312252964, "32": 0.003952569169960474}