{"0": 0.014822134387351778, "1": 0.0029644268774703555, "2": 0.0, "3": 0.0029644268774703555, "4": 0.010869565217391304, "5": 0.039525691699604744, "6": 0.08399209486166008, "7": 0.17094861660079053, "8": 0.30434782608695654, "9": 0.4041501976284585, "10": 0.4644268774703557, "11": 0.4772727272727273, "12": 0.4673913043478261, "13": 0.5227272727272727, "14": 0.5187747035573123, "15": 0.47134387351778656, "16": 0.38735177865612647, "17": 0.3310276679841897, "18": 0.31126482213438733, "19": 0.274703557312253, "20": 0.21936758893280633, "21": 0.15711462450592886, "22": 0.12351778656126482, "23": 0.0800395256916996, "24": 0.06422924901185771, "25": 0.029644268774703556, "26": 0.021739130434782608, "27": 0.008893280632411068, "28": 0.007905138339920948, "29": 0.007905138339920948, "30": 0.008893280632411068, "31": 0.012845849802371542, "32": 0.019762845849802372}