{"0": 0.1007905138339921, "1": 0.046442687747035576, "2": 0.008893280632411068, "3": 0.017786561264822136, "4": 0.04940711462450593, "5": 0.1541501976284585, "6": 0.26976284584980237, "7": 0.49407114624505927, "8": 0.6897233201581028, "9": 0.7855731225296443, "10": 0.817193675889328, "11": 0.8537549407114624, "12": 0.857707509881423, "13": 0.8883399209486166, "14": 0.9110671936758893, "15": 0.9061264822134387, "16": 0.9021739130434783, "17": 0.8735177865612648, "18": 0.8152173913043478, "19": 0.808300395256917, "20": 0.5563241106719368, "21": 0.46047430830039526, "22": 0.48122529644268774, "23": 0.3290513833992095, "24": 0.2826086956521739, "25": 0.10474308300395258, "26": 0.0800395256916996, "27": 0.040513833992094864, "28": 0.024703557312252964, "29": 0.022727272727272728, "30": 0.030632411067193676, "31": 0.07213438735177866, "32": 0.10968379446640317}