{"0": 0.021739130434782608, "1": 0.012845849802371542, "2": 0.004940711462450593, "3": 0.01383399209486166, "4": 0.09090909090909091, "5": 0.3102766798418972, "6": 0.4901185770750988, "7": 0.6531620553359684, "8": 0.7816205533596838, "9": 0.8458498023715415, "10": 0.8616600790513834, "11": 0.8725296442687747, "12": 0.8774703557312253, "13": 0.9031620553359684, "14": 0.908102766798419, "15": 0.8962450592885376, "16": 0.9219367588932806, "17": 0.8982213438735178, "18": 0.8784584980237155, "19": 0.7776679841897233, "20": 0.7351778656126482, "21": 0.6976284584980237, "22": 0.5869565217391305, "23": 0.6254940711462451, "24": 0.5770750988142292, "25": 0.48616600790513836, "26": 0.4891304347826087, "27": 0.3824110671936759, "28": 0.308300395256917, "29": 0.09288537549407115, "30": 0.05138339920948617, "31": 0.07114624505928854, "32": 0.3231225296442688}