{"0": 0.07312252964426877, "1": 0.022727272727272728, "2": 0.00691699604743083, "3": 0.01383399209486166, "4": 0.017786561264822136, "5": 0.021739130434782608, "6": 0.025691699604743084, "7": 0.025691699604743084, "8": 0.029644268774703556, "9": 0.041501976284584984, "10": 0.04841897233201581, "11": 0.05434782608695652, "12": 0.058300395256917, "13": 0.06027667984189723, "14": 0.05237154150197629, "15": 0.04940711462450593, "16": 0.045454545454545456, "17": 0.041501976284584984, "18": 0.03458498023715415, "19": 0.046442687747035576, "20": 0.0266798418972332, "21": 0.02766798418972332, "22": 0.03557312252964427, "23": 0.03458498023715415, "24": 0.029644268774703556, "25": 0.011857707509881422, "26": 0.010869565217391304, "27": 0.009881422924901186, "28": 0.009881422924901186, "29": 0.010869565217391304, "30": 0.005928853754940711, "31": 0.007905138339920948, "32": 0.008893280632411068}