{"0": 0.07312252964426877, "1": 0.018774703557312252, "2": 0.007905138339920948, "3": 0.014822134387351778, "4": 0.015810276679841896, "5": 0.019762845849802372, "6": 0.02865612648221344, "7": 0.025691699604743084, "8": 0.0266798418972332, "9": 0.03359683794466403, "10": 0.03359683794466403, "11": 0.03162055335968379, "12": 0.037549407114624504, "13": 0.037549407114624504, "14": 0.02766798418972332, "15": 0.030632411067193676, "16": 0.030632411067193676, "17": 0.03359683794466403, "18": 0.03162055335968379, "19": 0.038537549407114624, "20": 0.0266798418972332, "21": 0.029644268774703556, "22": 0.03260869565217391, "23": 0.029644268774703556, "24": 0.0266798418972332, "25": 0.018774703557312252, "26": 0.017786561264822136, "27": 0.010869565217391304, "28": 0.010869565217391304, "29": 0.010869565217391304, "30": 0.009881422924901186, "31": 0.01383399209486166, "32": 0.003952569169960474}