{"0": 0.07114624505928854, "1": 0.044466403162055336, "2": 0.029644268774703556, "3": 0.10276679841897234, "4": 0.33794466403162055, "5": 0.6215415019762845, "6": 0.7213438735177866, "7": 0.8201581027667985, "8": 0.8932806324110671, "9": 0.9239130434782609, "10": 0.9169960474308301, "11": 0.9169960474308301, "12": 0.9011857707509882, "13": 0.9061264822134387, "14": 0.9229249011857708, "15": 0.9090909090909091, "16": 0.9120553359683794, "17": 0.8794466403162056, "18": 0.8932806324110671, "19": 0.8774703557312253, "20": 0.8142292490118577, "21": 0.7628458498023716, "22": 0.7648221343873518, "23": 0.7460474308300395, "24": 0.5335968379446641, "25": 0.34782608695652173, "26": 0.2727272727272727, "27": 0.1274703557312253, "28": 0.045454545454545456, "29": 0.041501976284584984, "30": 0.030632411067193676, "31": 0.08201581027667984, "32": 0.2658102766798419}