{"0": 0.014822134387351778, "1": 0.025691699604743084, "2": 0.014822134387351778, "3": 0.10770750988142293, "4": 0.4090909090909091, "5": 0.6590909090909091, "6": 0.7865612648221344, "7": 0.8873517786561265, "8": 0.9367588932806324, "9": 0.950592885375494, "10": 0.9614624505928854, "11": 0.9614624505928854, "12": 0.9624505928853755, "13": 0.9723320158102767, "14": 0.9762845849802372, "15": 0.9762845849802372, "16": 0.9792490118577075, "17": 0.9812252964426877, "18": 0.9812252964426877, "19": 0.9762845849802372, "20": 0.9703557312252964, "21": 0.9693675889328063, "22": 0.9565217391304348, "23": 0.9347826086956522, "24": 0.9051383399209486, "25": 0.7687747035573123, "26": 0.7470355731225297, "27": 0.16996047430830039, "28": 0.09782608695652174, "29": 0.08695652173913043, "30": 0.058300395256917, "31": 0.22924901185770752, "32": 0.5770750988142292}