{"0": 0.005928853754940711, "1": 0.0009881422924901185, "2": 0.0009881422924901185, "3": 0.001976284584980237, "4": 0.017786561264822136, "5": 0.13043478260869565, "6": 0.2549407114624506, "7": 0.45454545454545453, "8": 0.6630434782608695, "9": 0.7262845849802372, "10": 0.7529644268774703, "11": 0.7559288537549407, "12": 0.7490118577075099, "13": 0.7628458498023716, "14": 0.7885375494071146, "15": 0.7737154150197628, "16": 0.7835968379446641, "17": 0.7272727272727273, "18": 0.6788537549407114, "19": 0.6373517786561265, "20": 0.575098814229249, "21": 0.5217391304347826, "22": 0.3725296442687747, "23": 0.325098814229249, "24": 0.2658102766798419, "25": 0.11264822134387352, "26": 0.10474308300395258, "27": 0.05434782608695652, "28": 0.040513833992094864, "29": 0.03162055335968379, "30": 0.019762845849802372, "31": 0.05039525691699605, "32": 0.26383399209486164}