{"0": 0.018774703557312252, "1": 0.004940711462450593, "2": 0.001976284584980237, "3": 0.005928853754940711, "4": 0.022727272727272728, "5": 0.10375494071146245, "6": 0.17193675889328064, "7": 0.308300395256917, "8": 0.4624505928853755, "9": 0.5711462450592886, "10": 0.5938735177865613, "11": 0.5948616600790514, "12": 0.5523715415019763, "13": 0.5701581027667985, "14": 0.6245059288537549, "15": 0.5553359683794467, "16": 0.5721343873517787, "17": 0.5148221343873518, "18": 0.5503952569169961, "19": 0.42391304347826086, "20": 0.30335968379446643, "21": 0.25395256916996045, "22": 0.22924901185770752, "23": 0.13438735177865613, "24": 0.09387351778656126, "25": 0.038537549407114624, "26": 0.023715415019762844, "27": 0.010869565217391304, "28": 0.007905138339920948, "29": 0.005928853754940711, "30": 0.005928853754940711, "31": 0.008893280632411068, "32": 0.008893280632411068}