{"0": 0.09782608695652174, "1": 0.08399209486166008, "2": 0.08102766798418973, "3": 0.22332015810276679, "4": 0.532608695652174, "5": 0.7559288537549407, "6": 0.8507905138339921, "7": 0.9169960474308301, "8": 0.950592885375494, "9": 0.9614624505928854, "10": 0.9723320158102767, "11": 0.974308300395257, "12": 0.9713438735177866, "13": 0.9861660079051383, "14": 0.9901185770750988, "15": 0.9891304347826086, "16": 0.9940711462450593, "17": 0.9871541501976284, "18": 0.9861660079051383, "19": 0.974308300395257, "20": 0.9693675889328063, "21": 0.950592885375494, "22": 0.9555335968379447, "23": 0.9486166007905138, "24": 0.8409090909090909, "25": 0.7381422924901185, "26": 0.40019762845849804, "27": 0.22529644268774704, "28": 0.15316205533596838, "29": 0.14525691699604742, "30": 0.16304347826086957, "31": 0.274703557312253, "32": 0.6442687747035574}