{"0": 0.16996047430830039, "1": 0.07213438735177866, "2": 0.021739130434782608, "3": 0.036561264822134384, "4": 0.058300395256917, "5": 0.12154150197628459, "6": 0.16897233201581027, "7": 0.24209486166007904, "8": 0.34782608695652173, "9": 0.4743083003952569, "10": 0.5385375494071146, "11": 0.5632411067193676, "12": 0.5632411067193676, "13": 0.5810276679841897, "14": 0.5988142292490118, "15": 0.5780632411067194, "16": 0.5622529644268774, "17": 0.5128458498023716, "18": 0.49703557312252966, "19": 0.3468379446640316, "20": 0.27964426877470355, "21": 0.19466403162055335, "22": 0.2707509881422925, "23": 0.22727272727272727, "24": 0.21146245059288538, "25": 0.1373517786561265, "26": 0.11857707509881422, "27": 0.08695652173913043, "28": 0.06620553359683795, "29": 0.05039525691699605, "30": 0.04841897233201581, "31": 0.06126482213438735, "32": 0.043478260869565216}