{"0": 0.08695652173913043, "1": 0.02766798418972332, "2": 0.00691699604743083, "3": 0.019762845849802372, "4": 0.030632411067193676, "5": 0.04743083003952569, "6": 0.046442687747035576, "7": 0.04841897233201581, "8": 0.05138339920948617, "9": 0.06719367588932806, "10": 0.058300395256917, "11": 0.06126482213438735, "12": 0.06027667984189723, "13": 0.06324110671936758, "14": 0.0533596837944664, "15": 0.046442687747035576, "16": 0.042490118577075096, "17": 0.04940711462450593, "18": 0.05533596837944664, "19": 0.046442687747035576, "20": 0.03260869565217391, "21": 0.030632411067193676, "22": 0.030632411067193676, "23": 0.025691699604743084, "24": 0.023715415019762844, "25": 0.021739130434782608, "26": 0.016798418972332016, "27": 0.017786561264822136, "28": 0.014822134387351778, "29": 0.01383399209486166, "30": 0.012845849802371542, "31": 0.011857707509881422, "32": 0.005928853754940711}