{"0": 0.06324110671936758, "1": 0.020750988142292492, "2": 0.004940711462450593, "3": 0.015810276679841896, "4": 0.015810276679841896, "5": 0.020750988142292492, "6": 0.025691699604743084, "7": 0.029644268774703556, "8": 0.041501976284584984, "9": 0.05731225296442688, "10": 0.06225296442687747, "11": 0.07213438735177866, "12": 0.07213438735177866, "13": 0.08399209486166008, "14": 0.06818181818181818, "15": 0.05928853754940711, "16": 0.05237154150197629, "17": 0.06719367588932806, "18": 0.06126482213438735, "19": 0.06818181818181818, "20": 0.025691699604743084, "21": 0.03557312252964427, "22": 0.01383399209486166, "23": 0.016798418972332016, "24": 0.018774703557312252, "25": 0.012845849802371542, "26": 0.010869565217391304, "27": 0.008893280632411068, "28": 0.007905138339920948, "29": 0.007905138339920948, "30": 0.009881422924901186, "31": 0.012845849802371542, "32": 0.007905138339920948}