{"0": 0.03260869565217391, "1": 0.016798418972332016, "2": 0.00691699604743083, "3": 0.008893280632411068, "4": 0.007905138339920948, "5": 0.012845849802371542, "6": 0.017786561264822136, "7": 0.023715415019762844, "8": 0.03359683794466403, "9": 0.046442687747035576, "10": 0.04940711462450593, "11": 0.04841897233201581, "12": 0.05237154150197629, "13": 0.04940711462450593, "14": 0.04940711462450593, "15": 0.045454545454545456, "16": 0.044466403162055336, "17": 0.04743083003952569, "18": 0.040513833992094864, "19": 0.05138339920948617, "20": 0.05237154150197629, "21": 0.014822134387351778, "22": 0.020750988142292492, "23": 0.014822134387351778, "24": 0.01383399209486166, "25": 0.008893280632411068, "26": 0.007905138339920948, "27": 0.00691699604743083, "28": 0.00691699604743083, "29": 0.00691699604743083, "30": 0.00691699604743083, "31": 0.005928853754940711, "32": 0.007905138339920948}