{"0": 0.02766798418972332, "1": 0.07312252964426877, "2": 0.0741106719367589, "3": 0.27964426877470355, "4": 0.5958498023715415, "5": 0.7984189723320159, "6": 0.8596837944664032, "7": 0.9229249011857708, "8": 0.950592885375494, "9": 0.9624505928853755, "10": 0.9693675889328063, "11": 0.9644268774703557, "12": 0.9634387351778656, "13": 0.9683794466403162, "14": 0.967391304347826, "15": 0.9614624505928854, "16": 0.9772727272727273, "17": 0.9733201581027668, "18": 0.9683794466403162, "19": 0.9624505928853755, "20": 0.9644268774703557, "21": 0.9535573122529645, "22": 0.9397233201581028, "23": 0.9209486166007905, "24": 0.8903162055335968, "25": 0.857707509881423, "26": 0.8399209486166008, "27": 0.7391304347826086, "28": 0.6758893280632411, "29": 0.5454545454545454, "30": 0.5622529644268774, "31": 0.6314229249011858, "32": 0.4792490118577075}