{"0": 0.017786561264822136, "1": 0.03359683794466403, "2": 0.040513833992094864, "3": 0.18379446640316205, "4": 0.4782608695652174, "5": 0.7559288537549407, "6": 0.8270750988142292, "7": 0.8982213438735178, "8": 0.9456521739130435, "9": 0.9654150197628458, "10": 0.9654150197628458, "11": 0.9644268774703557, "12": 0.9614624505928854, "13": 0.9723320158102767, "14": 0.974308300395257, "15": 0.9733201581027668, "16": 0.9782608695652174, "17": 0.974308300395257, "18": 0.9654150197628458, "19": 0.9614624505928854, "20": 0.9515810276679841, "21": 0.9515810276679841, "22": 0.9298418972332015, "23": 0.9071146245059288, "24": 0.8764822134387352, "25": 0.8191699604743083, "26": 0.8003952569169961, "27": 0.66600790513834, "28": 0.6205533596837944, "29": 0.6314229249011858, "30": 0.7015810276679841, "31": 0.7509881422924901, "32": 0.39624505928853754}