{"0": 0.10474308300395258, "1": 0.07509881422924901, "2": 0.03260869565217391, "3": 0.08794466403162056, "4": 0.25296442687747034, "5": 0.5424901185770751, "6": 0.6946640316205533, "7": 0.8379446640316206, "8": 0.8992094861660079, "9": 0.9387351778656127, "10": 0.9496047430830039, "11": 0.958498023715415, "12": 0.9575098814229249, "13": 0.9762845849802372, "14": 0.9802371541501976, "15": 0.9792490118577075, "16": 0.9822134387351779, "17": 0.958498023715415, "18": 0.9693675889328063, "19": 0.9555335968379447, "20": 0.9436758893280632, "21": 0.8399209486166008, "22": 0.7845849802371542, "23": 0.7717391304347826, "24": 0.7075098814229249, "25": 0.3922924901185771, "26": 0.24110671936758893, "27": 0.116600790513834, "28": 0.08893280632411067, "29": 0.07509881422924901, "30": 0.06027667984189723, "31": 0.13043478260869565, "32": 0.1383399209486166}