{"0": 0.042490118577075096, "1": 0.012845849802371542, "2": 0.004940711462450593, "3": 0.008893280632411068, "4": 0.011857707509881422, "5": 0.017786561264822136, "6": 0.019762845849802372, "7": 0.023715415019762844, "8": 0.039525691699604744, "9": 0.043478260869565216, "10": 0.05731225296442688, "11": 0.06324110671936758, "12": 0.06719367588932806, "13": 0.08498023715415019, "14": 0.06719367588932806, "15": 0.05039525691699605, "16": 0.05434782608695652, "17": 0.05928853754940711, "18": 0.045454545454545456, "19": 0.05138339920948617, "20": 0.022727272727272728, "21": 0.029644268774703556, "22": 0.010869565217391304, "23": 0.014822134387351778, "24": 0.01383399209486166, "25": 0.010869565217391304, "26": 0.009881422924901186, "27": 0.009881422924901186, "28": 0.008893280632411068, "29": 0.009881422924901186, "30": 0.009881422924901186, "31": 0.012845849802371542, "32": 0.007905138339920948}