{"0": 0.0009881422924901185, "1": 0.001976284584980237, "2": 0.0, "3": 0.0, "4": 0.0, "5": 0.0, "6": 0.017786561264822136, "7": 0.06719367588932806, "8": 0.16699604743083005, "9": 0.29347826086956524, "10": 0.3221343873517787, "11": 0.4051383399209486, "12": 0.4426877470355731, "13": 0.4841897233201581, "14": 0.5513833992094862, "15": 0.5662055335968379, "16": 0.7233201581027668, "17": 0.6432806324110671, "18": 0.5790513833992095, "19": 0.6215415019762845, "20": 0.5889328063241107, "21": 0.5602766798418972, "22": 0.3606719367588933, "23": 0.25592885375494073, "24": 0.15019762845849802, "25": 0.09881422924901186, "26": 0.07015810276679842, "27": 0.06126482213438735, "28": 0.046442687747035576, "29": 0.04841897233201581, "30": 0.02865612648221344, "31": 0.00691699604743083, "32": 0.0}