{"0": 0.13537549407114624, "1": 0.08596837944664032, "2": 0.020750988142292492, "3": 0.017786561264822136, "4": 0.038537549407114624, "5": 0.07509881422924901, "6": 0.21541501976284586, "7": 0.3567193675889328, "8": 0.5513833992094862, "9": 0.5760869565217391, "10": 0.6413043478260869, "11": 0.6966403162055336, "12": 0.7104743083003953, "13": 0.782608695652174, "14": 0.8428853754940712, "15": 0.8814229249011858, "16": 0.91600790513834, "17": 0.91600790513834, "18": 0.9071146245059288, "19": 0.9061264822134387, "20": 0.6709486166007905, "21": 0.7450592885375494, "22": 0.6709486166007905, "23": 0.6472332015810277, "24": 0.4505928853754941, "25": 0.32707509881422925, "26": 0.23616600790513834, "27": 0.14130434782608695, "28": 0.06620553359683795, "29": 0.044466403162055336, "30": 0.023715415019762844, "31": 0.018774703557312252, "32": 0.03162055335968379}