{"0": 0.020750988142292492, "1": 0.010869565217391304, "2": 0.0009881422924901185, "3": 0.001976284584980237, "4": 0.004940711462450593, "5": 0.011857707509881422, "6": 0.03260869565217391, "7": 0.05928853754940711, "8": 0.13537549407114624, "9": 0.15810276679841898, "10": 0.22233201581027667, "11": 0.2381422924901186, "12": 0.25691699604743085, "13": 0.29545454545454547, "14": 0.2974308300395257, "15": 0.2974308300395257, "16": 0.3616600790513834, "17": 0.22134387351778656, "18": 0.2183794466403162, "19": 0.24209486166007904, "20": 0.2658102766798419, "21": 0.12549407114624506, "22": 0.10968379446640317, "23": 0.09387351778656126, "24": 0.058300395256917, "25": 0.043478260869565216, "26": 0.02865612648221344, "27": 0.019762845849802372, "28": 0.011857707509881422, "29": 0.009881422924901186, "30": 0.00691699604743083, "31": 0.00691699604743083, "32": 0.0029644268774703555}