{"0": 0.004940711462450593, "1": 0.001976284584980237, "2": 0.0, "3": 0.0, "4": 0.0, "5": 0.001976284584980237, "6": 0.016798418972332016, "7": 0.07312252964426877, "8": 0.18675889328063242, "9": 0.2865612648221344, "10": 0.3300395256916996, "11": 0.366600790513834, "12": 0.38537549407114624, "13": 0.4140316205533597, "14": 0.4743083003952569, "15": 0.5079051383399209, "16": 0.6482213438735178, "17": 0.5810276679841897, "18": 0.49604743083003955, "19": 0.5276679841897233, "20": 0.4990118577075099, "21": 0.4723320158102767, "22": 0.30237154150197626, "23": 0.2391304347826087, "24": 0.1650197628458498, "25": 0.13142292490118576, "26": 0.10869565217391304, "27": 0.09486166007905138, "28": 0.06521739130434782, "29": 0.06126482213438735, "30": 0.04940711462450593, "31": 0.011857707509881422, "32": 0.001976284584980237}