{"0": 0.0009881422924901185, "1": 0.0009881422924901185, "2": 0.0, "3": 0.0, "4": 0.0, "5": 0.0009881422924901185, "6": 0.020750988142292492, "7": 0.10474308300395258, "8": 0.2519762845849802, "9": 0.46047430830039526, "10": 0.45652173913043476, "11": 0.5484189723320159, "12": 0.5652173913043478, "13": 0.5790513833992095, "14": 0.6768774703557312, "15": 0.7114624505928854, "16": 0.7984189723320159, "17": 0.7569169960474308, "18": 0.7154150197628458, "19": 0.7430830039525692, "20": 0.6867588932806324, "21": 0.633399209486166, "22": 0.4150197628458498, "23": 0.2994071146245059, "24": 0.16996047430830039, "25": 0.11067193675889328, "26": 0.07213438735177866, "27": 0.05928853754940711, "28": 0.041501976284584984, "29": 0.05138339920948617, "30": 0.039525691699604744, "31": 0.009881422924901186, "32": 0.001976284584980237}