{"0": 0.029644268774703556, "1": 0.011857707509881422, "2": 0.0029644268774703555, "3": 0.0029644268774703555, "4": 0.0029644268774703555, "5": 0.003952569169960474, "6": 0.007905138339920948, "7": 0.010869565217391304, "8": 0.019762845849802372, "9": 0.021739130434782608, "10": 0.020750988142292492, "11": 0.0266798418972332, "12": 0.02865612648221344, "13": 0.02766798418972332, "14": 0.02865612648221344, "15": 0.03359683794466403, "16": 0.0691699604743083, "17": 0.05237154150197629, "18": 0.039525691699604744, "19": 0.06126482213438735, "20": 0.07312252964426877, "21": 0.0741106719367589, "22": 0.05731225296442688, "23": 0.041501976284584984, "24": 0.030632411067193676, "25": 0.021739130434782608, "26": 0.019762845849802372, "27": 0.017786561264822136, "28": 0.012845849802371542, "29": 0.009881422924901186, "30": 0.004940711462450593, "31": 0.005928853754940711, "32": 0.0}