{"0": 0.0009881422924901185, "1": 0.0009881422924901185, "2": 0.0, "3": 0.0, "4": 0.0, "5": 0.0009881422924901185, "6": 0.019762845849802372, "7": 0.10177865612648221, "8": 0.24209486166007904, "9": 0.44664031620553357, "10": 0.4515810276679842, "11": 0.5424901185770751, "12": 0.5612648221343873, "13": 0.575098814229249, "14": 0.6729249011857708, "15": 0.7025691699604744, "16": 0.7865612648221344, "17": 0.7490118577075099, "18": 0.7045454545454546, "19": 0.7381422924901185, "20": 0.6709486166007905, "21": 0.6235177865612648, "22": 0.41007905138339923, "23": 0.2855731225296443, "24": 0.16106719367588934, "25": 0.1007905138339921, "26": 0.06422924901185771, "27": 0.05533596837944664, "28": 0.038537549407114624, "29": 0.044466403162055336, "30": 0.03557312252964427, "31": 0.007905138339920948, "32": 0.001976284584980237}