{"0": 0.0009881422924901185, "1": 0.0009881422924901185, "2": 0.0, "3": 0.0, "4": 0.0, "5": 0.0, "6": 0.017786561264822136, "7": 0.06620553359683795, "8": 0.18972332015810275, "9": 0.32707509881422925, "10": 0.3241106719367589, "11": 0.3804347826086957, "12": 0.4041501976284585, "13": 0.4199604743083004, "14": 0.4871541501976285, "15": 0.49308300395256915, "16": 0.6324110671936759, "17": 0.549407114624506, "18": 0.5019762845849802, "19": 0.5335968379446641, "20": 0.5, "21": 0.4772727272727273, "22": 0.2608695652173913, "23": 0.18181818181818182, "24": 0.12055335968379446, "25": 0.07509881422924901, "26": 0.04940711462450593, "27": 0.05039525691699605, "28": 0.03557312252964427, "29": 0.040513833992094864, "30": 0.03458498023715415, "31": 0.017786561264822136, "32": 0.0009881422924901185}