{"0": 0.0009881422924901185, "1": 0.0009881422924901185, "2": 0.0, "3": 0.0, "4": 0.0, "5": 0.0009881422924901185, "6": 0.0009881422924901185, "7": 0.0009881422924901185, "8": 0.0009881422924901185, "9": 0.0029644268774703555, "10": 0.0029644268774703555, "11": 0.003952569169960474, "12": 0.003952569169960474, "13": 0.0029644268774703555, "14": 0.00691699604743083, "15": 0.004940711462450593, "16": 0.009881422924901186, "17": 0.005928853754940711, "18": 0.005928853754940711, "19": 0.005928853754940711, "20": 0.004940711462450593, "21": 0.007905138339920948, "22": 0.009881422924901186, "23": 0.008893280632411068, "24": 0.008893280632411068, "25": 0.005928853754940711, "26": 0.005928853754940711, "27": 0.004940711462450593, "28": 0.004940711462450593, "29": 0.005928853754940711, "30": 0.004940711462450593, "31": 0.0029644268774703555, "32": 0.0009881422924901185}