{"0": 0.12055335968379446, "1": 0.10968379446640317, "2": 0.03359683794466403, "3": 0.036561264822134384, "4": 0.06818181818181818, "5": 0.1422924901185771, "6": 0.3577075098814229, "7": 0.4654150197628458, "8": 0.6146245059288538, "9": 0.5948616600790514, "10": 0.616600790513834, "11": 0.642292490118577, "12": 0.6393280632411067, "13": 0.6867588932806324, "14": 0.7282608695652174, "15": 0.7391304347826086, "16": 0.83399209486166, "17": 0.8883399209486166, "18": 0.8616600790513834, "19": 0.8656126482213439, "20": 0.8270750988142292, "21": 0.8320158102766798, "22": 0.7934782608695652, "23": 0.766798418972332, "24": 0.7262845849802372, "25": 0.6907114624505929, "26": 0.6452569169960475, "27": 0.5484189723320159, "28": 0.3932806324110672, "29": 0.3359683794466403, "30": 0.22233201581027667, "31": 0.13932806324110672, "32": 0.030632411067193676}