{"0": 0.03557312252964427, "1": 0.021739130434782608, "2": 0.008893280632411068, "3": 0.008893280632411068, "4": 0.008893280632411068, "5": 0.010869565217391304, "6": 0.016798418972332016, "7": 0.021739130434782608, "8": 0.0266798418972332, "9": 0.022727272727272728, "10": 0.024703557312252964, "11": 0.019762845849802372, "12": 0.020750988142292492, "13": 0.020750988142292492, "14": 0.016798418972332016, "15": 0.015810276679841896, "16": 0.019762845849802372, "17": 0.018774703557312252, "18": 0.019762845849802372, "19": 0.025691699604743084, "20": 0.03557312252964427, "21": 0.038537549407114624, "22": 0.037549407114624504, "23": 0.030632411067193676, "24": 0.02766798418972332, "25": 0.021739130434782608, "26": 0.017786561264822136, "27": 0.016798418972332016, "28": 0.01383399209486166, "29": 0.008893280632411068, "30": 0.011857707509881422, "31": 0.009881422924901186, "32": 0.001976284584980237}