{"0": 0.001976284584980237, "1": 0.0, "2": 0.0, "3": 0.0, "4": 0.0, "5": 0.001976284584980237, "6": 0.004940711462450593, "7": 0.004940711462450593, "8": 0.012845849802371542, "9": 0.024703557312252964, "10": 0.02766798418972332, "11": 0.03260869565217391, "12": 0.04841897233201581, "13": 0.058300395256917, "14": 0.06324110671936758, "15": 0.05533596837944664, "16": 0.09782608695652174, "17": 0.06027667984189723, "18": 0.04743083003952569, "19": 0.029644268774703556, "20": 0.029644268774703556, "21": 0.010869565217391304, "22": 0.018774703557312252, "23": 0.022727272727272728, "24": 0.023715415019762844, "25": 0.020750988142292492, "26": 0.023715415019762844, "27": 0.021739130434782608, "28": 0.014822134387351778, "29": 0.015810276679841896, "30": 0.015810276679841896, "31": 0.008893280632411068, "32": 0.0029644268774703555}