{"0": 0.015810276679841896, "1": 0.010869565217391304, "2": 0.001976284584980237, "3": 0.003952569169960474, "4": 0.018774703557312252, "5": 0.08102766798418973, "6": 0.3290513833992095, "7": 0.5365612648221344, "8": 0.7312252964426877, "9": 0.8191699604743083, "10": 0.849802371541502, "11": 0.8784584980237155, "12": 0.8873517786561265, "13": 0.924901185770751, "14": 0.9486166007905138, "15": 0.9723320158102767, "16": 0.9812252964426877, "17": 0.9841897233201581, "18": 0.9841897233201581, "19": 0.9733201581027668, "20": 0.9693675889328063, "21": 0.9614624505928854, "22": 0.9446640316205533, "23": 0.9347826086956522, "24": 0.8675889328063241, "25": 0.775691699604743, "26": 0.5553359683794467, "27": 0.5039525691699605, "28": 0.2826086956521739, "29": 0.18280632411067194, "30": 0.11561264822134387, "31": 0.08300395256916997, "32": 0.003952569169960474}