{"0": 0.1373517786561265, "1": 0.10375494071146245, "2": 0.02766798418972332, "3": 0.0266798418972332, "4": 0.06521739130434782, "5": 0.1976284584980237, "6": 0.5039525691699605, "7": 0.6709486166007905, "8": 0.8320158102766798, "9": 0.8932806324110671, "10": 0.9051383399209486, "11": 0.932806324110672, "12": 0.9456521739130435, "13": 0.9654150197628458, "14": 0.9822134387351779, "15": 0.9851778656126482, "16": 0.9891304347826086, "17": 0.9930830039525692, "18": 0.9960474308300395, "19": 0.991106719367589, "20": 0.9930830039525692, "21": 0.9891304347826086, "22": 0.9901185770750988, "23": 0.9802371541501976, "24": 0.9683794466403162, "25": 0.941699604743083, "26": 0.9110671936758893, "27": 0.7707509881422925, "28": 0.4051383399209486, "29": 0.2450592885375494, "30": 0.1442687747035573, "31": 0.09683794466403162, "32": 0.18181818181818182}