{"0": 0.09288537549407115, "1": 0.04940711462450593, "2": 0.007905138339920948, "3": 0.004940711462450593, "4": 0.012845849802371542, "5": 0.022727272727272728, "6": 0.06422924901185771, "7": 0.09486166007905138, "8": 0.16600790513833993, "9": 0.17588932806324112, "10": 0.21442687747035574, "11": 0.24604743083003952, "12": 0.25592885375494073, "13": 0.31620553359683795, "14": 0.30533596837944665, "15": 0.29347826086956524, "16": 0.3685770750988142, "17": 0.2776679841897233, "18": 0.2628458498023715, "19": 0.2490118577075099, "20": 0.23221343873517786, "21": 0.18181818181818182, "22": 0.16798418972332016, "23": 0.18280632411067194, "24": 0.15612648221343872, "25": 0.11264822134387352, "26": 0.09881422924901186, "27": 0.09288537549407115, "28": 0.06422924901185771, "29": 0.06818181818181818, "30": 0.06126482213438735, "31": 0.058300395256917, "32": 0.015810276679841896}