{"0": 0.05138339920948617, "1": 0.0266798418972332, "2": 0.008893280632411068, "3": 0.009881422924901186, "4": 0.021739130434782608, "5": 0.08992094861660078, "6": 0.3349802371541502, "7": 0.5128458498023716, "8": 0.7292490118577075, "9": 0.8448616600790514, "10": 0.8843873517786561, "11": 0.9189723320158103, "12": 0.9357707509881423, "13": 0.9545454545454546, "14": 0.9683794466403162, "15": 0.983201581027668, "16": 0.9871541501976284, "17": 0.9881422924901185, "18": 0.9891304347826086, "19": 0.983201581027668, "20": 0.9703557312252964, "21": 0.9693675889328063, "22": 0.9555335968379447, "23": 0.9347826086956522, "24": 0.866600790513834, "25": 0.8092885375494071, "26": 0.5138339920948617, "27": 0.40217391304347827, "28": 0.21640316205533597, "29": 0.13142292490118576, "30": 0.06225296442687747, "31": 0.046442687747035576, "32": 0.06126482213438735}