{"0": 0.0009881422924901185, "1": 0.001976284584980237, "2": 0.0, "3": 0.0, "4": 0.0, "5": 0.0009881422924901185, "6": 0.0009881422924901185, "7": 0.001976284584980237, "8": 0.001976284584980237, "9": 0.004940711462450593, "10": 0.005928853754940711, "11": 0.004940711462450593, "12": 0.004940711462450593, "13": 0.003952569169960474, "14": 0.003952569169960474, "15": 0.003952569169960474, "16": 0.00691699604743083, "17": 0.0029644268774703555, "18": 0.0009881422924901185, "19": 0.004940711462450593, "20": 0.005928853754940711, "21": 0.003952569169960474, "22": 0.004940711462450593, "23": 0.005928853754940711, "24": 0.0029644268774703555, "25": 0.0029644268774703555, "26": 0.001976284584980237, "27": 0.001976284584980237, "28": 0.001976284584980237, "29": 0.001976284584980237, "30": 0.001976284584980237, "31": 0.0009881422924901185, "32": 0.0}