{"0": 0.14130434782608695, "1": 0.06422924901185771, "2": 0.0266798418972332, "3": 0.016798418972332016, "4": 0.05731225296442688, "5": 0.1432806324110672, "6": 0.4278656126482213, "7": 0.6175889328063241, "8": 0.7964426877470355, "9": 0.8764822134387352, "10": 0.8932806324110671, "11": 0.9169960474308301, "12": 0.924901185770751, "13": 0.9515810276679841, "14": 0.9703557312252964, "15": 0.9841897233201581, "16": 0.983201581027668, "17": 0.9891304347826086, "18": 0.9901185770750988, "19": 0.9871541501976284, "20": 0.974308300395257, "21": 0.9752964426877471, "22": 0.9555335968379447, "23": 0.9496047430830039, "24": 0.8992094861660079, "25": 0.717391304347826, "26": 0.5513833992094862, "27": 0.4525691699604743, "28": 0.1966403162055336, "29": 0.11067193675889328, "30": 0.05928853754940711, "31": 0.044466403162055336, "32": 0.1373517786561265}