{"0": 0.1274703557312253, "1": 0.12845849802371542, "2": 0.036561264822134384, "3": 0.046442687747035576, "4": 0.09387351778656126, "5": 0.22628458498023715, "6": 0.5187747035573123, "7": 0.6630434782608695, "8": 0.8310276679841897, "9": 0.8863636363636364, "10": 0.9041501976284585, "11": 0.9179841897233202, "12": 0.932806324110672, "13": 0.9535573122529645, "14": 0.967391304347826, "15": 0.9822134387351779, "16": 0.9891304347826086, "17": 0.9970355731225297, "18": 0.9980237154150198, "19": 0.9950592885375494, "20": 0.991106719367589, "21": 0.9841897233201581, "22": 0.9792490118577075, "23": 0.9723320158102767, "24": 0.9565217391304348, "25": 0.924901185770751, "26": 0.849802371541502, "27": 0.6788537549407114, "28": 0.516798418972332, "29": 0.34189723320158105, "30": 0.2025691699604743, "31": 0.13043478260869565, "32": 0.05434782608695652}