{"0": 0.001976284584980237, "1": 0.0009881422924901185, "2": 0.0, "3": 0.0, "4": 0.0, "5": 0.001976284584980237, "6": 0.015810276679841896, "7": 0.06324110671936758, "8": 0.13043478260869565, "9": 0.22233201581027667, "10": 0.27865612648221344, "11": 0.3547430830039526, "12": 0.3685770750988142, "13": 0.39920948616600793, "14": 0.49407114624505927, "15": 0.5355731225296443, "16": 0.6669960474308301, "17": 0.5909090909090909, "18": 0.558300395256917, "19": 0.6116600790513834, "20": 0.5622529644268774, "21": 0.5711462450592886, "22": 0.34189723320158105, "23": 0.2648221343873518, "24": 0.15019762845849802, "25": 0.11264822134387352, "26": 0.08992094861660078, "27": 0.05632411067193676, "28": 0.041501976284584984, "29": 0.042490118577075096, "30": 0.06422924901185771, "31": 0.02865612648221344, "32": 0.003952569169960474}