{"0": 0.037549407114624504, "1": 0.0266798418972332, "2": 0.005928853754940711, "3": 0.004940711462450593, "4": 0.007905138339920948, "5": 0.014822134387351778, "6": 0.041501976284584984, "7": 0.07312252964426877, "8": 0.15217391304347827, "9": 0.1650197628458498, "10": 0.21739130434782608, "11": 0.25395256916996045, "12": 0.25790513833992096, "13": 0.32707509881422925, "14": 0.33893280632411066, "15": 0.35375494071146246, "16": 0.40810276679841895, "17": 0.3201581027667984, "18": 0.31521739130434784, "19": 0.274703557312253, "20": 0.26383399209486164, "21": 0.21739130434782608, "22": 0.11561264822134387, "23": 0.09090909090909091, "24": 0.05434782608695652, "25": 0.036561264822134384, "26": 0.03458498023715415, "27": 0.0266798418972332, "28": 0.01383399209486166, "29": 0.01383399209486166, "30": 0.008893280632411068, "31": 0.00691699604743083, "32": 0.001976284584980237}