{"0": 0.03359683794466403, "1": 0.021739130434782608, "2": 0.00691699604743083, "3": 0.005928853754940711, "4": 0.008893280632411068, "5": 0.01383399209486166, "6": 0.023715415019762844, "7": 0.021739130434782608, "8": 0.044466403162055336, "9": 0.03557312252964427, "10": 0.045454545454545456, "11": 0.042490118577075096, "12": 0.044466403162055336, "13": 0.04743083003952569, "14": 0.05138339920948617, "15": 0.046442687747035576, "16": 0.06719367588932806, "17": 0.040513833992094864, "18": 0.036561264822134384, "19": 0.05434782608695652, "20": 0.05731225296442688, "21": 0.07509881422924901, "22": 0.03162055335968379, "23": 0.023715415019762844, "24": 0.020750988142292492, "25": 0.019762845849802372, "26": 0.011857707509881422, "27": 0.011857707509881422, "28": 0.008893280632411068, "29": 0.00691699604743083, "30": 0.00691699604743083, "31": 0.003952569169960474, "32": 0.001976284584980237}