{"0": 0.0266798418972332, "1": 0.011857707509881422, "2": 0.0009881422924901185, "3": 0.001976284584980237, "4": 0.003952569169960474, "5": 0.01383399209486166, "6": 0.06126482213438735, "7": 0.14130434782608695, "8": 0.30632411067193677, "9": 0.3942687747035573, "10": 0.47134387351778656, "11": 0.5029644268774703, "12": 0.5108695652173914, "13": 0.6254940711462451, "14": 0.6699604743083004, "15": 0.7282608695652174, "16": 0.7747035573122529, "17": 0.7450592885375494, "18": 0.7203557312252964, "19": 0.66600790513834, "20": 0.5760869565217391, "21": 0.11857707509881422, "22": 0.20059288537549408, "23": 0.22233201581027667, "24": 0.12648221343873517, "25": 0.07806324110671936, "26": 0.036561264822134384, "27": 0.0266798418972332, "28": 0.018774703557312252, "29": 0.019762845849802372, "30": 0.010869565217391304, "31": 0.009881422924901186, "32": 0.001976284584980237}