{"0": 0.19268774703557312, "1": 0.17786561264822134, "2": 0.03260869565217391, "3": 0.042490118577075096, "4": 0.10573122529644269, "5": 0.2974308300395257, "6": 0.6047430830039525, "7": 0.7490118577075099, "8": 0.8893280632411067, "9": 0.9515810276679841, "10": 0.9614624505928854, "11": 0.9733201581027668, "12": 0.983201581027668, "13": 0.9871541501976284, "14": 0.9901185770750988, "15": 0.9940711462450593, "16": 0.9990118577075099, "17": 0.9990118577075099, "18": 0.9990118577075099, "19": 0.9990118577075099, "20": 0.9990118577075099, "21": 0.9960474308300395, "22": 0.9930830039525692, "23": 0.991106719367589, "24": 0.9861660079051383, "25": 0.9782608695652174, "26": 0.950592885375494, "27": 0.8804347826086957, "28": 0.6353754940711462, "29": 0.46047430830039526, "30": 0.2737154150197628, "31": 0.16600790513833993, "32": 0.24209486166007904}