{"0": 0.08399209486166008, "1": 0.046442687747035576, "2": 0.010869565217391304, "3": 0.01383399209486166, "4": 0.018774703557312252, "5": 0.020750988142292492, "6": 0.02766798418972332, "7": 0.02766798418972332, "8": 0.029644268774703556, "9": 0.03260869565217391, "10": 0.030632411067193676, "11": 0.03162055335968379, "12": 0.02865612648221344, "13": 0.02865612648221344, "14": 0.02766798418972332, "15": 0.025691699604743084, "16": 0.038537549407114624, "17": 0.03557312252964427, "18": 0.03260869565217391, "19": 0.041501976284584984, "20": 0.05434782608695652, "21": 0.06225296442687747, "22": 0.05237154150197629, "23": 0.04743083003952569, "24": 0.039525691699604744, "25": 0.03260869565217391, "26": 0.029644268774703556, "27": 0.024703557312252964, "28": 0.019762845849802372, "29": 0.019762845849802372, "30": 0.020750988142292492, "31": 0.01383399209486166, "32": 0.001976284584980237}