{"0": 0.012845849802371542, "1": 0.00691699604743083, "2": 0.0009881422924901185, "3": 0.0009881422924901185, "4": 0.0029644268774703555, "5": 0.004940711462450593, "6": 0.004940711462450593, "7": 0.004940711462450593, "8": 0.007905138339920948, "9": 0.007905138339920948, "10": 0.008893280632411068, "11": 0.009881422924901186, "12": 0.005928853754940711, "13": 0.005928853754940711, "14": 0.0029644268774703555, "15": 0.003952569169960474, "16": 0.005928853754940711, "17": 0.001976284584980237, "18": 0.003952569169960474, "19": 0.005928853754940711, "20": 0.01383399209486166, "21": 0.015810276679841896, "22": 0.011857707509881422, "23": 0.011857707509881422, "24": 0.00691699604743083, "25": 0.005928853754940711, "26": 0.005928853754940711, "27": 0.005928853754940711, "28": 0.004940711462450593, "29": 0.004940711462450593, "30": 0.0029644268774703555, "31": 0.0029644268774703555, "32": 0.0009881422924901185}