{"0": 0.1482213438735178, "1": 0.12944664031620554, "2": 0.029644268774703556, "3": 0.03162055335968379, "4": 0.07114624505928854, "5": 0.17786561264822134, "6": 0.44861660079051385, "7": 0.5879446640316206, "8": 0.758893280632411, "9": 0.7747035573122529, "10": 0.8043478260869565, "11": 0.8231225296442688, "12": 0.8438735177865613, "13": 0.8873517786561265, "14": 0.9169960474308301, "15": 0.9466403162055336, "16": 0.9654150197628458, "17": 0.9802371541501976, "18": 0.9792490118577075, "19": 0.9713438735177866, "20": 0.9229249011857708, "21": 0.9278656126482213, "22": 0.8824110671936759, "23": 0.8735177865612648, "24": 0.8162055335968379, "25": 0.7480237154150198, "26": 0.6926877470355731, "27": 0.6017786561264822, "28": 0.39822134387351776, "29": 0.3181818181818182, "30": 0.23221343873517786, "31": 0.1650197628458498, "32": 0.05533596837944664}