{"0": 0.05039525691699605, "1": 0.023715415019762844, "2": 0.003952569169960474, "3": 0.004940711462450593, "4": 0.010869565217391304, "5": 0.021739130434782608, "6": 0.039525691699604744, "7": 0.039525691699604744, "8": 0.05533596837944664, "9": 0.05632411067193676, "10": 0.05237154150197629, "11": 0.045454545454545456, "12": 0.043478260869565216, "13": 0.04940711462450593, "14": 0.045454545454545456, "15": 0.046442687747035576, "16": 0.058300395256917, "17": 0.05533596837944664, "18": 0.05434782608695652, "19": 0.06324110671936758, "20": 0.08201581027667984, "21": 0.08300395256916997, "22": 0.07905138339920949, "23": 0.07213438735177866, "24": 0.058300395256917, "25": 0.045454545454545456, "26": 0.046442687747035576, "27": 0.03458498023715415, "28": 0.02766798418972332, "29": 0.020750988142292492, "30": 0.020750988142292492, "31": 0.019762845849802372, "32": 0.0009881422924901185}