{"0": 0.0, "1": 0.0, "2": 0.0, "3": 0.0, "4": 0.0, "5": 0.0, "6": 0.0, "7": 0.0, "8": 0.0, "9": 0.0009881422924901185, "10": 0.0, "11": 0.0009881422924901185, "12": 0.0029644268774703555, "13": 0.001976284584980237, "14": 0.003952569169960474, "15": 0.0029644268774703555, "16": 0.003952569169960474, "17": 0.0029644268774703555, "18": 0.001976284584980237, "19": 0.001976284584980237, "20": 0.0009881422924901185, "21": 0.0029644268774703555, "22": 0.001976284584980237, "23": 0.001976284584980237, "24": 0.003952569169960474, "25": 0.003952569169960474, "26": 0.004940711462450593, "27": 0.004940711462450593, "28": 0.0029644268774703555, "29": 0.0029644268774703555, "30": 0.0029644268774703555, "31": 0.0029644268774703555, "32": 0.0009881422924901185}