{"0": 0.0691699604743083, "1": 0.041501976284584984, "2": 0.007905138339920948, "3": 0.009881422924901186, "4": 0.01383399209486166, "5": 0.025691699604743084, "6": 0.04940711462450593, "7": 0.058300395256917, "8": 0.07509881422924901, "9": 0.08201581027667984, "10": 0.0958498023715415, "11": 0.09881422924901186, "12": 0.10869565217391304, "13": 0.12944664031620554, "14": 0.12154150197628459, "15": 0.11363636363636363, "16": 0.15217391304347827, "17": 0.11166007905138339, "18": 0.11067193675889328, "19": 0.11363636363636363, "20": 0.06422924901185771, "21": 0.04841897233201581, "22": 0.044466403162055336, "23": 0.044466403162055336, "24": 0.039525691699604744, "25": 0.0266798418972332, "26": 0.022727272727272728, "27": 0.022727272727272728, "28": 0.014822134387351778, "29": 0.014822134387351778, "30": 0.010869565217391304, "31": 0.008893280632411068, "32": 0.003952569169960474}