{"0": 0.05632411067193676, "1": 0.023715415019762844, "2": 0.008893280632411068, "3": 0.010869565217391304, "4": 0.015810276679841896, "5": 0.01383399209486166, "6": 0.018774703557312252, "7": 0.021739130434782608, "8": 0.02865612648221344, "9": 0.029644268774703556, "10": 0.0266798418972332, "11": 0.025691699604743084, "12": 0.024703557312252964, "13": 0.024703557312252964, "14": 0.024703557312252964, "15": 0.020750988142292492, "16": 0.023715415019762844, "17": 0.016798418972332016, "18": 0.016798418972332016, "19": 0.0266798418972332, "20": 0.030632411067193676, "21": 0.03359683794466403, "22": 0.03359683794466403, "23": 0.02865612648221344, "24": 0.023715415019762844, "25": 0.017786561264822136, "26": 0.016798418972332016, "27": 0.01383399209486166, "28": 0.011857707509881422, "29": 0.011857707509881422, "30": 0.010869565217391304, "31": 0.010869565217391304, "32": 0.0029644268774703555}