{"0": 0.001976284584980237, "1": 0.001976284584980237, "2": 0.0, "3": 0.0, "4": 0.0, "5": 0.001976284584980237, "6": 0.008893280632411068, "7": 0.025691699604743084, "8": 0.07213438735177866, "9": 0.1383399209486166, "10": 0.20948616600790515, "11": 0.2598814229249012, "12": 0.24011857707509882, "13": 0.2974308300395257, "14": 0.31620553359683795, "15": 0.36363636363636365, "16": 0.5049407114624506, "17": 0.4515810276679842, "18": 0.4209486166007905, "19": 0.475296442687747, "20": 0.3557312252964427, "21": 0.233201581027668, "22": 0.17786561264822134, "23": 0.13932806324110672, "24": 0.09387351778656126, "25": 0.06422924901185771, "26": 0.05533596837944664, "27": 0.043478260869565216, "28": 0.03260869565217391, "29": 0.041501976284584984, "30": 0.015810276679841896, "31": 0.008893280632411068, "32": 0.001976284584980237}