{"0": 0.001976284584980237, "1": 0.0, "2": 0.0, "3": 0.0, "4": 0.0, "5": 0.0, "6": 0.0009881422924901185, "7": 0.00691699604743083, "8": 0.023715415019762844, "9": 0.05533596837944664, "10": 0.05533596837944664, "11": 0.08300395256916997, "12": 0.11067193675889328, "13": 0.13636363636363635, "14": 0.1808300395256917, "15": 0.18280632411067194, "16": 0.22628458498023715, "17": 0.16304347826086957, "18": 0.14525691699604742, "19": 0.05928853754940711, "20": 0.040513833992094864, "21": 0.037549407114624504, "22": 0.03359683794466403, "23": 0.03260869565217391, "24": 0.025691699604743084, "25": 0.021739130434782608, "26": 0.023715415019762844, "27": 0.025691699604743084, "28": 0.018774703557312252, "29": 0.018774703557312252, "30": 0.017786561264822136, "31": 0.012845849802371542, "32": 0.001976284584980237}