{"0": 0.0533596837944664, "1": 0.024703557312252964, "2": 0.010869565217391304, "3": 0.007905138339920948, "4": 0.018774703557312252, "5": 0.06620553359683795, "6": 0.274703557312253, "7": 0.4644268774703557, "8": 0.6907114624505929, "9": 0.8033596837944664, "10": 0.8517786561264822, "11": 0.8913043478260869, "12": 0.9031620553359684, "13": 0.9288537549407114, "14": 0.9575098814229249, "15": 0.9782608695652174, "16": 0.9881422924901185, "17": 0.9881422924901185, "18": 0.9881422924901185, "19": 0.9752964426877471, "20": 0.9772727272727273, "21": 0.9565217391304348, "22": 0.924901185770751, "23": 0.9021739130434783, "24": 0.8211462450592886, "25": 0.7569169960474308, "26": 0.6284584980237155, "27": 0.3349802371541502, "28": 0.1600790513833992, "29": 0.08399209486166008, "30": 0.03458498023715415, "31": 0.023715415019762844, "32": 0.025691699604743084}