{"0": 0.03458498023715415, "1": 0.023715415019762844, "2": 0.009881422924901186, "3": 0.007905138339920948, "4": 0.012845849802371542, "5": 0.044466403162055336, "6": 0.21739130434782608, "7": 0.40118577075098816, "8": 0.6195652173913043, "9": 0.733201581027668, "10": 0.7954545454545454, "11": 0.8092885375494071, "12": 0.8181818181818182, "13": 0.8814229249011858, "14": 0.9120553359683794, "15": 0.9515810276679841, "16": 0.9693675889328063, "17": 0.9752964426877471, "18": 0.9683794466403162, "19": 0.9466403162055336, "20": 0.9278656126482213, "21": 0.9120553359683794, "22": 0.8260869565217391, "23": 0.7855731225296443, "24": 0.6640316205533597, "25": 0.5286561264822134, "26": 0.21541501976284586, "27": 0.18774703557312253, "28": 0.08399209486166008, "29": 0.0533596837944664, "30": 0.023715415019762844, "31": 0.016798418972332016, "32": 0.018774703557312252}