{"0": 0.0, "1": 0.0, "2": 0.0, "3": 0.0, "4": 0.0, "5": 0.0, "6": 0.0, "7": 0.001976284584980237, "8": 0.007905138339920948, "9": 0.011857707509881422, "10": 0.014822134387351778, "11": 0.017786561264822136, "12": 0.018774703557312252, "13": 0.012845849802371542, "14": 0.016798418972332016, "15": 0.016798418972332016, "16": 0.024703557312252964, "17": 0.017786561264822136, "18": 0.019762845849802372, "19": 0.0266798418972332, "20": 0.03359683794466403, "21": 0.029644268774703556, "22": 0.021739130434782608, "23": 0.011857707509881422, "24": 0.008893280632411068, "25": 0.00691699604743083, "26": 0.007905138339920948, "27": 0.007905138339920948, "28": 0.004940711462450593, "29": 0.00691699604743083, "30": 0.007905138339920948, "31": 0.009881422924901186, "32": 0.0009881422924901185}