{"0": 0.039525691699604744, "1": 0.015810276679841896, "2": 0.001976284584980237, "3": 0.0029644268774703555, "4": 0.0029644268774703555, "5": 0.003952569169960474, "6": 0.009881422924901186, "7": 0.008893280632411068, "8": 0.011857707509881422, "9": 0.010869565217391304, "10": 0.015810276679841896, "11": 0.014822134387351778, "12": 0.011857707509881422, "13": 0.01383399209486166, "14": 0.009881422924901186, "15": 0.009881422924901186, "16": 0.014822134387351778, "17": 0.012845849802371542, "18": 0.014822134387351778, "19": 0.015810276679841896, "20": 0.020750988142292492, "21": 0.02766798418972332, "22": 0.024703557312252964, "23": 0.016798418972332016, "24": 0.009881422924901186, "25": 0.007905138339920948, "26": 0.005928853754940711, "27": 0.005928853754940711, "28": 0.003952569169960474, "29": 0.005928853754940711, "30": 0.003952569169960474, "31": 0.0029644268774703555, "32": 0.001976284584980237}