{"0": 0.1007905138339921, "1": 0.05533596837944664, "2": 0.008893280632411068, "3": 0.010869565217391304, "4": 0.01383399209486166, "5": 0.022727272727272728, "6": 0.041501976284584984, "7": 0.04743083003952569, "8": 0.06818181818181818, "9": 0.06225296442687747, "10": 0.06620553359683795, "11": 0.06126482213438735, "12": 0.06027667984189723, "13": 0.07015810276679842, "14": 0.07312252964426877, "15": 0.07509881422924901, "16": 0.0958498023715415, "17": 0.08102766798418973, "18": 0.07015810276679842, "19": 0.08596837944664032, "20": 0.10573122529644269, "21": 0.10177865612648221, "22": 0.07806324110671936, "23": 0.08102766798418973, "24": 0.06620553359683795, "25": 0.06126482213438735, "26": 0.05731225296442688, "27": 0.05237154150197629, "28": 0.041501976284584984, "29": 0.038537549407114624, "30": 0.03557312252964427, "31": 0.03162055335968379, "32": 0.003952569169960474}