{"0": 0.0691699604743083, "1": 0.029644268774703556, "2": 0.007905138339920948, "3": 0.0029644268774703555, "4": 0.01383399209486166, "5": 0.039525691699604744, "6": 0.17292490118577075, "7": 0.3705533596837945, "8": 0.6156126482213439, "9": 0.6818181818181818, "10": 0.7460474308300395, "11": 0.7984189723320159, "12": 0.8191699604743083, "13": 0.8804347826086957, "14": 0.9061264822134387, "15": 0.9436758893280632, "16": 0.967391304347826, "17": 0.9614624505928854, "18": 0.9594861660079052, "19": 0.950592885375494, "20": 0.91600790513834, "21": 0.8300395256916996, "22": 0.799407114624506, "23": 0.7677865612648221, "24": 0.6413043478260869, "25": 0.3725296442687747, "26": 0.28952569169960474, "27": 0.22035573122529645, "28": 0.11758893280632411, "29": 0.09090909090909091, "30": 0.0691699604743083, "31": 0.0741106719367589, "32": 0.03557312252964427}