{"0": 0.041501976284584984, "1": 0.025691699604743084, "2": 0.003952569169960474, "3": 0.0029644268774703555, "4": 0.003952569169960474, "5": 0.010869565217391304, "6": 0.03359683794466403, "7": 0.07114624505928854, "8": 0.12351778656126482, "9": 0.15019762845849802, "10": 0.1907114624505929, "11": 0.22529644268774704, "12": 0.2490118577075099, "13": 0.31521739130434784, "14": 0.3221343873517787, "15": 0.32707509881422925, "16": 0.37549407114624506, "17": 0.2727272727272727, "18": 0.2717391304347826, "19": 0.1650197628458498, "20": 0.05928853754940711, "21": 0.06521739130434782, "22": 0.018774703557312252, "23": 0.023715415019762844, "24": 0.024703557312252964, "25": 0.015810276679841896, "26": 0.011857707509881422, "27": 0.011857707509881422, "28": 0.008893280632411068, "29": 0.009881422924901186, "30": 0.007905138339920948, "31": 0.005928853754940711, "32": 0.003952569169960474}