{"0": 0.12549407114624506, "1": 0.08794466403162056, "2": 0.020750988142292492, "3": 0.02766798418972332, "4": 0.07213438735177866, "5": 0.21541501976284586, "6": 0.5098814229249012, "7": 0.6867588932806324, "8": 0.857707509881423, "9": 0.9120553359683794, "10": 0.9278656126482213, "11": 0.9397233201581028, "12": 0.958498023715415, "13": 0.9723320158102767, "14": 0.9841897233201581, "15": 0.9901185770750988, "16": 0.9940711462450593, "17": 0.9950592885375494, "18": 0.9940711462450593, "19": 0.9930830039525692, "20": 0.9920948616600791, "21": 0.991106719367589, "22": 0.983201581027668, "23": 0.9782608695652174, "24": 0.967391304347826, "25": 0.950592885375494, "26": 0.8636363636363636, "27": 0.8073122529644269, "28": 0.4357707509881423, "29": 0.28063241106719367, "30": 0.16403162055335968, "31": 0.11264822134387352, "32": 0.07509881422924901}