{"0": 0.07114624505928854, "1": 0.03557312252964427, "2": 0.012845849802371542, "3": 0.01383399209486166, "4": 0.018774703557312252, "5": 0.030632411067193676, "6": 0.05731225296442688, "7": 0.06027667984189723, "8": 0.08498023715415019, "9": 0.08893280632411067, "10": 0.09189723320158102, "11": 0.08893280632411067, "12": 0.09486166007905138, "13": 0.11462450592885376, "14": 0.11561264822134387, "15": 0.11166007905138339, "16": 0.14723320158102768, "17": 0.13043478260869565, "18": 0.12549407114624506, "19": 0.1551383399209486, "20": 0.17391304347826086, "21": 0.1541501976284585, "22": 0.14624505928853754, "23": 0.13537549407114624, "24": 0.10573122529644269, "25": 0.08893280632411067, "26": 0.08300395256916997, "27": 0.0741106719367589, "28": 0.0533596837944664, "29": 0.04841897233201581, "30": 0.040513833992094864, "31": 0.0266798418972332, "32": 0.0029644268774703555}