{"0": 0.005928853754940711, "1": 0.001976284584980237, "2": 0.0, "3": 0.001976284584980237, "4": 0.00691699604743083, "5": 0.022727272727272728, "6": 0.10573122529644269, "7": 0.22233201581027667, "8": 0.48616600790513836, "9": 0.5652173913043478, "10": 0.6541501976284585, "11": 0.658102766798419, "12": 0.7055335968379447, "13": 0.7490118577075099, "14": 0.7322134387351779, "15": 0.791501976284585, "16": 0.8409090909090909, "17": 0.8764822134387352, "18": 0.8438735177865613, "19": 0.8162055335968379, "20": 0.7687747035573123, "21": 0.7322134387351779, "22": 0.5691699604743083, "23": 0.5108695652173914, "24": 0.39920948616600793, "25": 0.31521739130434784, "26": 0.18774703557312253, "27": 0.14624505928853754, "28": 0.09090909090909091, "29": 0.08893280632411067, "30": 0.16106719367588934, "31": 0.08794466403162056, "32": 0.0009881422924901185}