{"0": 0.0009881422924901185, "1": 0.0009881422924901185, "2": 0.0, "3": 0.0, "4": 0.0, "5": 0.0, "6": 0.001976284584980237, "7": 0.007905138339920948, "8": 0.015810276679841896, "9": 0.0266798418972332, "10": 0.037549407114624504, "11": 0.038537549407114624, "12": 0.03458498023715415, "13": 0.039525691699604744, "14": 0.040513833992094864, "15": 0.036561264822134384, "16": 0.06225296442687747, "17": 0.03557312252964427, "18": 0.03458498023715415, "19": 0.042490118577075096, "20": 0.06225296442687747, "21": 0.06620553359683795, "22": 0.03557312252964427, "23": 0.02766798418972332, "24": 0.020750988142292492, "25": 0.011857707509881422, "26": 0.009881422924901186, "27": 0.00691699604743083, "28": 0.005928853754940711, "29": 0.005928853754940711, "30": 0.004940711462450593, "31": 0.0029644268774703555, "32": 0.0029644268774703555}