{"0": 0.007905138339920948, "1": 0.0029644268774703555, "2": 0.0009881422924901185, "3": 0.0009881422924901185, "4": 0.0009881422924901185, "5": 0.0029644268774703555, "6": 0.010869565217391304, "7": 0.01383399209486166, "8": 0.02865612648221344, "9": 0.029644268774703556, "10": 0.03557312252964427, "11": 0.03557312252964427, "12": 0.03260869565217391, "13": 0.037549407114624504, "14": 0.03458498023715415, "15": 0.039525691699604744, "16": 0.05731225296442688, "17": 0.044466403162055336, "18": 0.041501976284584984, "19": 0.05039525691699605, "20": 0.015810276679841896, "21": 0.012845849802371542, "22": 0.01383399209486166, "23": 0.012845849802371542, "24": 0.010869565217391304, "25": 0.007905138339920948, "26": 0.005928853754940711, "27": 0.005928853754940711, "28": 0.004940711462450593, "29": 0.003952569169960474, "30": 0.0009881422924901185, "31": 0.0, "32": 0.0}