{"0": 0.0800395256916996, "1": 0.06027667984189723, "2": 0.011857707509881422, "3": 0.01383399209486166, "4": 0.0266798418972332, "5": 0.05039525691699605, "6": 0.1274703557312253, "7": 0.15316205533596838, "8": 0.23023715415019763, "9": 0.2134387351778656, "10": 0.2509881422924901, "11": 0.25296442687747034, "12": 0.22727272727272727, "13": 0.2776679841897233, "14": 0.2865612648221344, "15": 0.2618577075098814, "16": 0.3715415019762846, "17": 0.3922924901185771, "18": 0.3468379446640316, "19": 0.36561264822134387, "20": 0.36363636363636365, "21": 0.3922924901185771, "22": 0.3349802371541502, "23": 0.2964426877470356, "24": 0.22332015810276679, "25": 0.19268774703557312, "26": 0.1650197628458498, "27": 0.14624505928853754, "28": 0.08794466403162056, "29": 0.07905138339920949, "30": 0.06818181818181818, "31": 0.045454545454545456, "32": 0.008893280632411068}