{"0": 0.001976284584980237, "1": 0.0, "2": 0.0009881422924901185, "3": 0.0009881422924901185, "4": 0.0009881422924901185, "5": 0.0009881422924901185, "6": 0.003952569169960474, "7": 0.00691699604743083, "8": 0.009881422924901186, "9": 0.010869565217391304, "10": 0.011857707509881422, "11": 0.011857707509881422, "12": 0.010869565217391304, "13": 0.010869565217391304, "14": 0.008893280632411068, "15": 0.008893280632411068, "16": 0.014822134387351778, "17": 0.008893280632411068, "18": 0.010869565217391304, "19": 0.011857707509881422, "20": 0.020750988142292492, "21": 0.018774703557312252, "22": 0.009881422924901186, "23": 0.008893280632411068, "24": 0.005928853754940711, "25": 0.003952569169960474, "26": 0.0029644268774703555, "27": 0.0029644268774703555, "28": 0.001976284584980237, "29": 0.001976284584980237, "30": 0.001976284584980237, "31": 0.001976284584980237, "32": 0.0009881422924901185}