{"0": 0.004940711462450593, "1": 0.001976284584980237, "2": 0.0009881422924901185, "3": 0.0009881422924901185, "4": 0.0009881422924901185, "5": 0.0029644268774703555, "6": 0.0029644268774703555, "7": 0.003952569169960474, "8": 0.004940711462450593, "9": 0.008893280632411068, "10": 0.008893280632411068, "11": 0.010869565217391304, "12": 0.011857707509881422, "13": 0.011857707509881422, "14": 0.008893280632411068, "15": 0.012845849802371542, "16": 0.015810276679841896, "17": 0.011857707509881422, "18": 0.012845849802371542, "19": 0.015810276679841896, "20": 0.02766798418972332, "21": 0.0266798418972332, "22": 0.022727272727272728, "23": 0.015810276679841896, "24": 0.01383399209486166, "25": 0.010869565217391304, "26": 0.009881422924901186, "27": 0.009881422924901186, "28": 0.0029644268774703555, "29": 0.0029644268774703555, "30": 0.001976284584980237, "31": 0.0009881422924901185, "32": 0.001976284584980237}