{"0": 0.044466403162055336, "1": 0.021739130434782608, "2": 0.004940711462450593, "3": 0.004940711462450593, "4": 0.005928853754940711, "5": 0.008893280632411068, "6": 0.009881422924901186, "7": 0.012845849802371542, "8": 0.016798418972332016, "9": 0.017786561264822136, "10": 0.016798418972332016, "11": 0.014822134387351778, "12": 0.012845849802371542, "13": 0.017786561264822136, "14": 0.017786561264822136, "15": 0.014822134387351778, "16": 0.019762845849802372, "17": 0.014822134387351778, "18": 0.016798418972332016, "19": 0.021739130434782608, "20": 0.024703557312252964, "21": 0.011857707509881422, "22": 0.016798418972332016, "23": 0.018774703557312252, "24": 0.012845849802371542, "25": 0.012845849802371542, "26": 0.009881422924901186, "27": 0.009881422924901186, "28": 0.008893280632411068, "29": 0.008893280632411068, "30": 0.007905138339920948, "31": 0.008893280632411068, "32": 0.0009881422924901185}