{"0": 0.005928853754940711, "1": 0.0009881422924901185, "2": 0.0, "3": 0.0, "4": 0.0009881422924901185, "5": 0.0029644268774703555, "6": 0.008893280632411068, "7": 0.011857707509881422, "8": 0.024703557312252964, "9": 0.023715415019762844, "10": 0.030632411067193676, "11": 0.02865612648221344, "12": 0.023715415019762844, "13": 0.0266798418972332, "14": 0.024703557312252964, "15": 0.021739130434782608, "16": 0.03359683794466403, "17": 0.030632411067193676, "18": 0.02766798418972332, "19": 0.03458498023715415, "20": 0.017786561264822136, "21": 0.015810276679841896, "22": 0.017786561264822136, "23": 0.023715415019762844, "24": 0.011857707509881422, "25": 0.00691699604743083, "26": 0.005928853754940711, "27": 0.005928853754940711, "28": 0.004940711462450593, "29": 0.004940711462450593, "30": 0.004940711462450593, "31": 0.004940711462450593, "32": 0.0}