{"0": 0.007905138339920948, "1": 0.00691699604743083, "2": 0.0, "3": 0.0, "4": 0.001976284584980237, "5": 0.010869565217391304, "6": 0.07114624505928854, "7": 0.17786561264822134, "8": 0.37450592885375494, "9": 0.5029644268774703, "10": 0.6116600790513834, "11": 0.633399209486166, "12": 0.682806324110672, "13": 0.7183794466403162, "14": 0.7144268774703557, "15": 0.7796442687747036, "16": 0.8260869565217391, "17": 0.8557312252964426, "18": 0.825098814229249, "19": 0.7806324110671937, "20": 0.7845849802371542, "21": 0.7272727272727273, "22": 0.6907114624505929, "23": 0.6314229249011858, "24": 0.4357707509881423, "25": 0.35177865612648224, "26": 0.2875494071146245, "27": 0.22134387351778656, "28": 0.15316205533596838, "29": 0.13339920948616601, "30": 0.08399209486166008, "31": 0.05632411067193676, "32": 0.007905138339920948}