{"0": 0.001976284584980237, "1": 0.0, "2": 0.0, "3": 0.0, "4": 0.0, "5": 0.0, "6": 0.0, "7": 0.0009881422924901185, "8": 0.001976284584980237, "9": 0.004940711462450593, "10": 0.00691699604743083, "11": 0.005928853754940711, "12": 0.00691699604743083, "13": 0.005928853754940711, "14": 0.005928853754940711, "15": 0.0029644268774703555, "16": 0.005928853754940711, "17": 0.0029644268774703555, "18": 0.001976284584980237, "19": 0.004940711462450593, "20": 0.003952569169960474, "21": 0.003952569169960474, "22": 0.0029644268774703555, "23": 0.003952569169960474, "24": 0.0009881422924901185, "25": 0.0009881422924901185, "26": 0.0009881422924901185, "27": 0.0009881422924901185, "28": 0.0009881422924901185, "29": 0.0029644268774703555, "30": 0.0029644268774703555, "31": 0.005928853754940711, "32": 0.003952569169960474}