{"0": 0.06620553359683795, "1": 0.03359683794466403, "2": 0.004940711462450593, "3": 0.005928853754940711, "4": 0.009881422924901186, "5": 0.01383399209486166, "6": 0.02766798418972332, "7": 0.02865612648221344, "8": 0.038537549407114624, "9": 0.036561264822134384, "10": 0.037549407114624504, "11": 0.036561264822134384, "12": 0.03458498023715415, "13": 0.037549407114624504, "14": 0.036561264822134384, "15": 0.03359683794466403, "16": 0.05039525691699605, "17": 0.037549407114624504, "18": 0.03557312252964427, "19": 0.05138339920948617, "20": 0.06126482213438735, "21": 0.06521739130434782, "22": 0.05434782608695652, "23": 0.04940711462450593, "24": 0.046442687747035576, "25": 0.038537549407114624, "26": 0.03260869565217391, "27": 0.029644268774703556, "28": 0.0266798418972332, "29": 0.025691699604743084, "30": 0.025691699604743084, "31": 0.029644268774703556, "32": 0.0009881422924901185}