{"0": 0.022727272727272728, "1": 0.015810276679841896, "2": 0.007905138339920948, "3": 0.007905138339920948, "4": 0.007905138339920948, "5": 0.011857707509881422, "6": 0.03359683794466403, "7": 0.06521739130434782, "8": 0.13043478260869565, "9": 0.15711462450592886, "10": 0.22332015810276679, "11": 0.25, "12": 0.2628458498023715, "13": 0.3181818181818182, "14": 0.3181818181818182, "15": 0.3231225296442688, "16": 0.39723320158102765, "17": 0.30039525691699603, "18": 0.2974308300395257, "19": 0.2974308300395257, "20": 0.3201581027667984, "21": 0.22628458498023715, "22": 0.09881422924901186, "23": 0.07806324110671936, "24": 0.043478260869565216, "25": 0.017786561264822136, "26": 0.011857707509881422, "27": 0.007905138339920948, "28": 0.001976284584980237, "29": 0.001976284584980237, "30": 0.001976284584980237, "31": 0.001976284584980237, "32": 0.004940711462450593}