{"0": 0.06126482213438735, "1": 0.0266798418972332, "2": 0.007905138339920948, "3": 0.004940711462450593, "4": 0.008893280632411068, "5": 0.01383399209486166, "6": 0.015810276679841896, "7": 0.022727272727272728, "8": 0.029644268774703556, "9": 0.02766798418972332, "10": 0.02766798418972332, "11": 0.024703557312252964, "12": 0.023715415019762844, "13": 0.021739130434782608, "14": 0.022727272727272728, "15": 0.022727272727272728, "16": 0.025691699604743084, "17": 0.019762845849802372, "18": 0.019762845849802372, "19": 0.0266798418972332, "20": 0.030632411067193676, "21": 0.024703557312252964, "22": 0.02865612648221344, "23": 0.0266798418972332, "24": 0.020750988142292492, "25": 0.017786561264822136, "26": 0.01383399209486166, "27": 0.012845849802371542, "28": 0.008893280632411068, "29": 0.009881422924901186, "30": 0.009881422924901186, "31": 0.009881422924901186, "32": 0.0009881422924901185}