{"0": 0.012845849802371542, "1": 0.008893280632411068, "2": 0.001976284584980237, "3": 0.001976284584980237, "4": 0.0029644268774703555, "5": 0.005928853754940711, "6": 0.025691699604743084, "7": 0.05039525691699605, "8": 0.09782608695652174, "9": 0.12450592885375494, "10": 0.18379446640316205, "11": 0.22134387351778656, "12": 0.20454545454545456, "13": 0.26976284584980237, "14": 0.2776679841897233, "15": 0.2707509881422925, "16": 0.3211462450592885, "17": 0.21541501976284586, "18": 0.21640316205533597, "19": 0.2124505928853755, "20": 0.26383399209486164, "21": 0.13142292490118576, "22": 0.09486166007905138, "23": 0.07213438735177866, "24": 0.05039525691699605, "25": 0.040513833992094864, "26": 0.023715415019762844, "27": 0.01383399209486166, "28": 0.00691699604743083, "29": 0.00691699604743083, "30": 0.005928853754940711, "31": 0.00691699604743083, "32": 0.004940711462450593}