{"0": 0.0, "1": 0.0, "2": 0.0, "3": 0.0, "4": 0.0, "5": 0.0, "6": 0.0, "7": 0.0, "8": 0.0, "9": 0.0029644268774703555, "10": 0.0, "11": 0.0, "12": 0.0009881422924901185, "13": 0.0009881422924901185, "14": 0.0029644268774703555, "15": 0.0, "16": 0.003952569169960474, "17": 0.0, "18": 0.0, "19": 0.001976284584980237, "20": 0.0029644268774703555, "21": 0.003952569169960474, "22": 0.003952569169960474, "23": 0.001976284584980237, "24": 0.0009881422924901185, "25": 0.0009881422924901185, "26": 0.0009881422924901185, "27": 0.0, "28": 0.0009881422924901185, "29": 0.0009881422924901185, "30": 0.0029644268774703555, "31": 0.001976284584980237, "32": 0.001976284584980237}