{"0": 0.0, "1": 0.0, "2": 0.0, "3": 0.0, "4": 0.0, "5": 0.0, "6": 0.0, "7": 0.0, "8": 0.0029644268774703555, "9": 0.008893280632411068, "10": 0.003952569169960474, "11": 0.004940711462450593, "12": 0.008893280632411068, "13": 0.008893280632411068, "14": 0.00691699604743083, "15": 0.007905138339920948, "16": 0.011857707509881422, "17": 0.007905138339920948, "18": 0.010869565217391304, "19": 0.007905138339920948, "20": 0.007905138339920948, "21": 0.004940711462450593, "22": 0.00691699604743083, "23": 0.007905138339920948, "24": 0.007905138339920948, "25": 0.007905138339920948, "26": 0.008893280632411068, "27": 0.008893280632411068, "28": 0.005928853754940711, "29": 0.00691699604743083, "30": 0.003952569169960474, "31": 0.005928853754940711, "32": 0.0029644268774703555}