{"0": 0.05434782608695652, "1": 0.030632411067193676, "2": 0.001976284584980237, "3": 0.001976284584980237, "4": 0.004940711462450593, "5": 0.018774703557312252, "6": 0.03260869565217391, "7": 0.044466403162055336, "8": 0.07707509881422925, "9": 0.08596837944664032, "10": 0.10276679841897234, "11": 0.11166007905138339, "12": 0.13043478260869565, "13": 0.15612648221343872, "14": 0.14624505928853754, "15": 0.15019762845849802, "16": 0.2015810276679842, "17": 0.13537549407114624, "18": 0.13537549407114624, "19": 0.1422924901185771, "20": 0.11561264822134387, "21": 0.1432806324110672, "22": 0.06324110671936758, "23": 0.05434782608695652, "24": 0.037549407114624504, "25": 0.020750988142292492, "26": 0.017786561264822136, "27": 0.017786561264822136, "28": 0.011857707509881422, "29": 0.012845849802371542, "30": 0.009881422924901186, "31": 0.007905138339920948, "32": 0.003952569169960474}