{"0": 0.0533596837944664, "1": 0.020750988142292492, "2": 0.0029644268774703555, "3": 0.001976284584980237, "4": 0.004940711462450593, "5": 0.009881422924901186, "6": 0.019762845849802372, "7": 0.025691699604743084, "8": 0.03162055335968379, "9": 0.029644268774703556, "10": 0.037549407114624504, "11": 0.043478260869565216, "12": 0.043478260869565216, "13": 0.05632411067193676, "14": 0.05434782608695652, "15": 0.06225296442687747, "16": 0.07213438735177866, "17": 0.05533596837944664, "18": 0.06324110671936758, "19": 0.040513833992094864, "20": 0.030632411067193676, "21": 0.020750988142292492, "22": 0.025691699604743084, "23": 0.02766798418972332, "24": 0.030632411067193676, "25": 0.019762845849802372, "26": 0.020750988142292492, "27": 0.020750988142292492, "28": 0.022727272727272728, "29": 0.024703557312252964, "30": 0.020750988142292492, "31": 0.018774703557312252, "32": 0.007905138339920948}