{"0": 0.001976284584980237, "1": 0.0, "2": 0.0, "3": 0.0, "4": 0.0, "5": 0.0, "6": 0.0, "7": 0.0, "8": 0.0, "9": 0.0009881422924901185, "10": 0.0009881422924901185, "11": 0.0009881422924901185, "12": 0.0009881422924901185, "13": 0.0, "14": 0.0, "15": 0.0, "16": 0.0009881422924901185, "17": 0.0, "18": 0.0009881422924901185, "19": 0.0009881422924901185, "20": 0.003952569169960474, "21": 0.004940711462450593, "22": 0.0029644268774703555, "23": 0.0029644268774703555, "24": 0.0, "25": 0.0, "26": 0.0, "27": 0.0009881422924901185, "28": 0.0009881422924901185, "29": 0.0009881422924901185, "30": 0.0009881422924901185, "31": 0.0009881422924901185, "32": 0.0}