{"0": 0.1274703557312253, "1": 0.07806324110671936, "2": 0.029644268774703556, "3": 0.023715415019762844, "4": 0.07608695652173914, "5": 0.1956521739130435, "6": 0.4515810276679842, "7": 0.6235177865612648, "8": 0.7944664031620553, "9": 0.8774703557312253, "10": 0.9061264822134387, "11": 0.9268774703557312, "12": 0.9397233201581028, "13": 0.9614624505928854, "14": 0.9752964426877471, "15": 0.983201581027668, "16": 0.991106719367589, "17": 0.9891304347826086, "18": 0.9891304347826086, "19": 0.9812252964426877, "20": 0.9812252964426877, "21": 0.958498023715415, "22": 0.9357707509881423, "23": 0.9219367588932806, "24": 0.8972332015810277, "25": 0.7964426877470355, "26": 0.7055335968379447, "27": 0.45454545454545453, "28": 0.2994071146245059, "29": 0.2015810276679842, "30": 0.11264822134387352, "31": 0.07806324110671936, "32": 0.13043478260869565}