{"0": 0.13537549407114624, "1": 0.0741106719367589, "2": 0.025691699604743084, "3": 0.020750988142292492, "4": 0.0533596837944664, "5": 0.13339920948616601, "6": 0.3606719367588933, "7": 0.5266798418972332, "8": 0.7272727272727273, "9": 0.7954545454545454, "10": 0.83399209486166, "11": 0.8774703557312253, "12": 0.8982213438735178, "13": 0.932806324110672, "14": 0.9515810276679841, "15": 0.9723320158102767, "16": 0.9693675889328063, "17": 0.9762845849802372, "18": 0.9733201581027668, "19": 0.9614624505928854, "20": 0.9407114624505929, "21": 0.9288537549407114, "22": 0.8814229249011858, "23": 0.8695652173913043, "24": 0.8102766798418972, "25": 0.5879446640316206, "26": 0.34881422924901184, "27": 0.2618577075098814, "28": 0.1373517786561265, "29": 0.07806324110671936, "30": 0.05039525691699605, "31": 0.043478260869565216, "32": 0.07905138339920949}