{"0": 0.06324110671936758, "1": 0.023715415019762844, "2": 0.005928853754940711, "3": 0.004940711462450593, "4": 0.008893280632411068, "5": 0.01383399209486166, "6": 0.016798418972332016, "7": 0.017786561264822136, "8": 0.022727272727272728, "9": 0.024703557312252964, "10": 0.021739130434782608, "11": 0.024703557312252964, "12": 0.023715415019762844, "13": 0.023715415019762844, "14": 0.020750988142292492, "15": 0.019762845849802372, "16": 0.024703557312252964, "17": 0.022727272727272728, "18": 0.022727272727272728, "19": 0.03458498023715415, "20": 0.03162055335968379, "21": 0.029644268774703556, "22": 0.02865612648221344, "23": 0.029644268774703556, "24": 0.017786561264822136, "25": 0.019762845849802372, "26": 0.017786561264822136, "27": 0.016798418972332016, "28": 0.011857707509881422, "29": 0.01383399209486166, "30": 0.012845849802371542, "31": 0.012845849802371542, "32": 0.0009881422924901185}