{"0": 0.1324110671936759, "1": 0.10177865612648221, "2": 0.014822134387351778, "3": 0.016798418972332016, "4": 0.03557312252964427, "5": 0.09486166007905138, "6": 0.2727272727272727, "7": 0.36264822134387353, "8": 0.5612648221343873, "9": 0.5849802371541502, "10": 0.6215415019762845, "11": 0.6452569169960475, "12": 0.6600790513833992, "13": 0.7312252964426877, "14": 0.7648221343873518, "15": 0.7924901185770751, "16": 0.883399209486166, "17": 0.9150197628458498, "18": 0.8913043478260869, "19": 0.8656126482213439, "20": 0.8359683794466403, "21": 0.817193675889328, "22": 0.7865612648221344, "23": 0.7420948616600791, "24": 0.6867588932806324, "25": 0.6245059288537549, "26": 0.6116600790513834, "27": 0.5237154150197628, "28": 0.3132411067193676, "29": 0.2816205533596838, "30": 0.21541501976284586, "31": 0.1324110671936759, "32": 0.03557312252964427}