{"0": 0.0029644268774703555, "1": 0.0009881422924901185, "2": 0.0, "3": 0.0, "4": 0.0, "5": 0.0, "6": 0.001976284584980237, "7": 0.004940711462450593, "8": 0.005928853754940711, "9": 0.012845849802371542, "10": 0.012845849802371542, "11": 0.011857707509881422, "12": 0.010869565217391304, "13": 0.009881422924901186, "14": 0.010869565217391304, "15": 0.011857707509881422, "16": 0.015810276679841896, "17": 0.009881422924901186, "18": 0.010869565217391304, "19": 0.01383399209486166, "20": 0.008893280632411068, "21": 0.007905138339920948, "22": 0.00691699604743083, "23": 0.005928853754940711, "24": 0.004940711462450593, "25": 0.0029644268774703555, "26": 0.004940711462450593, "27": 0.004940711462450593, "28": 0.003952569169960474, "29": 0.0029644268774703555, "30": 0.004940711462450593, "31": 0.003952569169960474, "32": 0.0}