{"0": 0.0009881422924901185, "1": 0.001976284584980237, "2": 0.0, "3": 0.0, "4": 0.0, "5": 0.0009881422924901185, "6": 0.017786561264822136, "7": 0.058300395256917, "8": 0.1432806324110672, "9": 0.24011857707509882, "10": 0.30632411067193677, "11": 0.37351778656126483, "12": 0.35375494071146246, "13": 0.3883399209486166, "14": 0.42292490118577075, "15": 0.4683794466403162, "16": 0.5909090909090909, "17": 0.5237154150197628, "18": 0.43478260869565216, "19": 0.475296442687747, "20": 0.3774703557312253, "21": 0.39822134387351776, "22": 0.20454545454545456, "23": 0.18774703557312253, "24": 0.10573122529644269, "25": 0.08794466403162056, "26": 0.05928853754940711, "27": 0.04841897233201581, "28": 0.03458498023715415, "29": 0.038537549407114624, "30": 0.044466403162055336, "31": 0.024703557312252964, "32": 0.0}