{"0": 0.04841897233201581, "1": 0.017786561264822136, "2": 0.004940711462450593, "3": 0.003952569169960474, "4": 0.007905138339920948, "5": 0.010869565217391304, "6": 0.015810276679841896, "7": 0.014822134387351778, "8": 0.015810276679841896, "9": 0.01383399209486166, "10": 0.011857707509881422, "11": 0.014822134387351778, "12": 0.011857707509881422, "13": 0.014822134387351778, "14": 0.012845849802371542, "15": 0.014822134387351778, "16": 0.015810276679841896, "17": 0.011857707509881422, "18": 0.01383399209486166, "19": 0.019762845849802372, "20": 0.020750988142292492, "21": 0.008893280632411068, "22": 0.01383399209486166, "23": 0.015810276679841896, "24": 0.00691699604743083, "25": 0.005928853754940711, "26": 0.004940711462450593, "27": 0.004940711462450593, "28": 0.003952569169960474, "29": 0.004940711462450593, "30": 0.005928853754940711, "31": 0.005928853754940711, "32": 0.0009881422924901185}