{"0": 0.043478260869565216, "1": 0.024703557312252964, "2": 0.005928853754940711, "3": 0.010869565217391304, "4": 0.022727272727272728, "5": 0.07608695652173914, "6": 0.30434782608695654, "7": 0.5128458498023716, "8": 0.733201581027668, "9": 0.8438735177865613, "10": 0.8646245059288538, "11": 0.8962450592885376, "12": 0.9140316205533597, "13": 0.9486166007905138, "14": 0.9683794466403162, "15": 0.983201581027668, "16": 0.9901185770750988, "17": 0.9930830039525692, "18": 0.9920948616600791, "19": 0.983201581027668, "20": 0.983201581027668, "21": 0.9624505928853755, "22": 0.9555335968379447, "23": 0.9357707509881423, "24": 0.892292490118577, "25": 0.8260869565217391, "26": 0.5296442687747036, "27": 0.4762845849802372, "28": 0.25, "29": 0.14525691699604742, "30": 0.06225296442687747, "31": 0.046442687747035576, "32": 0.03359683794466403}