{"0": 0.1442687747035573, "1": 0.1067193675889328, "2": 0.029644268774703556, "3": 0.025691699604743084, "4": 0.09782608695652174, "5": 0.26976284584980237, "6": 0.6027667984189723, "7": 0.7430830039525692, "8": 0.8754940711462451, "9": 0.9258893280632411, "10": 0.9407114624505929, "11": 0.9535573122529645, "12": 0.9654150197628458, "13": 0.9812252964426877, "14": 0.9901185770750988, "15": 0.991106719367589, "16": 0.9970355731225297, "17": 0.9980237154150198, "18": 0.9980237154150198, "19": 0.9970355731225297, "20": 0.9960474308300395, "21": 0.9940711462450593, "22": 0.991106719367589, "23": 0.991106719367589, "24": 0.9851778656126482, "25": 0.9693675889328063, "26": 0.9110671936758893, "27": 0.8725296442687747, "28": 0.5879446640316206, "29": 0.3685770750988142, "30": 0.2015810276679842, "31": 0.1482213438735178, "32": 0.16205533596837945}