{"0": 0.10968379446640317, "1": 0.03162055335968379, "2": 0.008893280632411068, "3": 0.010869565217391304, "4": 0.036561264822134384, "5": 0.10573122529644269, "6": 0.3804347826086957, "7": 0.5731225296442688, "8": 0.7648221343873518, "9": 0.8725296442687747, "10": 0.8843873517786561, "11": 0.9199604743083004, "12": 0.932806324110672, "13": 0.9594861660079052, "14": 0.9802371541501976, "15": 0.9841897233201581, "16": 0.9881422924901185, "17": 0.9920948616600791, "18": 0.9891304347826086, "19": 0.9861660079051383, "20": 0.9772727272727273, "21": 0.9535573122529645, "22": 0.9476284584980237, "23": 0.941699604743083, "24": 0.9140316205533597, "25": 0.5662055335968379, "26": 0.48616600790513836, "27": 0.3616600790513834, "28": 0.15810276679841898, "29": 0.08992094861660078, "30": 0.04841897233201581, "31": 0.046442687747035576, "32": 0.07213438735177866}