{"0": 0.023715415019762844, "1": 0.017786561264822136, "2": 0.001976284584980237, "3": 0.010869565217391304, "4": 0.038537549407114624, "5": 0.116600790513834, "6": 0.39624505928853754, "7": 0.5869565217391305, "8": 0.7727272727272727, "9": 0.8507905138339921, "10": 0.8804347826086957, "11": 0.8962450592885376, "12": 0.908102766798419, "13": 0.9357707509881423, "14": 0.9624505928853755, "15": 0.9772727272727273, "16": 0.9861660079051383, "17": 0.9940711462450593, "18": 0.9930830039525692, "19": 0.9891304347826086, "20": 0.9861660079051383, "21": 0.9812252964426877, "22": 0.9762845849802372, "23": 0.9693675889328063, "24": 0.9407114624505929, "25": 0.9071146245059288, "26": 0.8725296442687747, "27": 0.7154150197628458, "28": 0.5859683794466403, "29": 0.45948616600790515, "30": 0.424901185770751, "31": 0.45553359683794464, "32": 0.009881422924901186}