{"0": 0.0029644268774703555, "1": 0.0009881422924901185, "2": 0.0, "3": 0.0, "4": 0.0, "5": 0.0009881422924901185, "6": 0.0009881422924901185, "7": 0.001976284584980237, "8": 0.001976284584980237, "9": 0.001976284584980237, "10": 0.0029644268774703555, "11": 0.001976284584980237, "12": 0.001976284584980237, "13": 0.001976284584980237, "14": 0.001976284584980237, "15": 0.001976284584980237, "16": 0.001976284584980237, "17": 0.001976284584980237, "18": 0.0029644268774703555, "19": 0.001976284584980237, "20": 0.004940711462450593, "21": 0.003952569169960474, "22": 0.0029644268774703555, "23": 0.001976284584980237, "24": 0.001976284584980237, "25": 0.001976284584980237, "26": 0.001976284584980237, "27": 0.0009881422924901185, "28": 0.0009881422924901185, "29": 0.0009881422924901185, "30": 0.0009881422924901185, "31": 0.001976284584980237, "32": 0.001976284584980237}