{"0": 0.0, "1": 0.0, "2": 0.0, "3": 0.0, "4": 0.0, "5": 0.0, "6": 0.0, "7": 0.0, "8": 0.0, "9": 0.0009881422924901185, "10": 0.0029644268774703555, "11": 0.0029644268774703555, "12": 0.0029644268774703555, "13": 0.0009881422924901185, "14": 0.0029644268774703555, "15": 0.0009881422924901185, "16": 0.0009881422924901185, "17": 0.0009881422924901185, "18": 0.0009881422924901185, "19": 0.001976284584980237, "20": 0.0029644268774703555, "21": 0.003952569169960474, "22": 0.0009881422924901185, "23": 0.0029644268774703555, "24": 0.0029644268774703555, "25": 0.001976284584980237, "26": 0.0009881422924901185, "27": 0.0029644268774703555, "28": 0.003952569169960474, "29": 0.003952569169960474, "30": 0.003952569169960474, "31": 0.003952569169960474, "32": 0.0009881422924901185}