{"0": 0.042490118577075096, "1": 0.029644268774703556, "2": 0.008893280632411068, "3": 0.010869565217391304, "4": 0.017786561264822136, "5": 0.04743083003952569, "6": 0.22233201581027667, "7": 0.36264822134387353, "8": 0.5721343873517787, "9": 0.6669960474308301, "10": 0.733201581027668, "11": 0.8003952569169961, "12": 0.8162055335968379, "13": 0.8626482213438735, "14": 0.900197628458498, "15": 0.9229249011857708, "16": 0.9426877470355731, "17": 0.9446640316205533, "18": 0.9407114624505929, "19": 0.9239130434782609, "20": 0.8507905138339921, "21": 0.8656126482213439, "22": 0.825098814229249, "23": 0.7875494071146245, "24": 0.43774703557312256, "25": 0.37549407114624506, "26": 0.274703557312253, "27": 0.1324110671936759, "28": 0.06818181818181818, "29": 0.05138339920948617, "30": 0.024703557312252964, "31": 0.020750988142292492, "32": 0.023715415019762844}