{"0": 0.044466403162055336, "1": 0.0266798418972332, "2": 0.009881422924901186, "3": 0.00691699604743083, "4": 0.020750988142292492, "5": 0.058300395256917, "6": 0.2509881422924901, "7": 0.4318181818181818, "8": 0.6610671936758893, "9": 0.7490118577075099, "10": 0.8122529644268774, "11": 0.849802371541502, "12": 0.8804347826086957, "13": 0.9051383399209486, "14": 0.9367588932806324, "15": 0.9575098814229249, "16": 0.9693675889328063, "17": 0.9634387351778656, "18": 0.9594861660079052, "19": 0.9535573122529645, "20": 0.9041501976284585, "21": 0.9090909090909091, "22": 0.8873517786561265, "23": 0.8606719367588933, "24": 0.7934782608695652, "25": 0.4505928853754941, "26": 0.3438735177865613, "27": 0.30434782608695654, "28": 0.10869565217391304, "29": 0.05138339920948617, "30": 0.030632411067193676, "31": 0.023715415019762844, "32": 0.03260869565217391}