{"0": 0.042490118577075096, "1": 0.020750988142292492, "2": 0.00691699604743083, "3": 0.00691699604743083, "4": 0.008893280632411068, "5": 0.00691699604743083, "6": 0.014822134387351778, "7": 0.018774703557312252, "8": 0.021739130434782608, "9": 0.021739130434782608, "10": 0.023715415019762844, "11": 0.025691699604743084, "12": 0.025691699604743084, "13": 0.025691699604743084, "14": 0.024703557312252964, "15": 0.02766798418972332, "16": 0.03557312252964427, "17": 0.024703557312252964, "18": 0.025691699604743084, "19": 0.038537549407114624, "20": 0.040513833992094864, "21": 0.046442687747035576, "22": 0.039525691699604744, "23": 0.039525691699604744, "24": 0.024703557312252964, "25": 0.021739130434782608, "26": 0.019762845849802372, "27": 0.020750988142292492, "28": 0.015810276679841896, "29": 0.017786561264822136, "30": 0.015810276679841896, "31": 0.01383399209486166, "32": 0.0029644268774703555}