{"0": 0.039525691699604744, "1": 0.012845849802371542, "2": 0.001976284584980237, "3": 0.001976284584980237, "4": 0.0029644268774703555, "5": 0.010869565217391304, "6": 0.011857707509881422, "7": 0.012845849802371542, "8": 0.017786561264822136, "9": 0.016798418972332016, "10": 0.016798418972332016, "11": 0.016798418972332016, "12": 0.015810276679841896, "13": 0.015810276679841896, "14": 0.012845849802371542, "15": 0.01383399209486166, "16": 0.017786561264822136, "17": 0.011857707509881422, "18": 0.012845849802371542, "19": 0.017786561264822136, "20": 0.023715415019762844, "21": 0.016798418972332016, "22": 0.019762845849802372, "23": 0.016798418972332016, "24": 0.009881422924901186, "25": 0.008893280632411068, "26": 0.008893280632411068, "27": 0.00691699604743083, "28": 0.005928853754940711, "29": 0.005928853754940711, "30": 0.004940711462450593, "31": 0.004940711462450593, "32": 0.0009881422924901185}