{"0": 0.07707509881422925, "1": 0.025691699604743084, "2": 0.004940711462450593, "3": 0.004940711462450593, "4": 0.00691699604743083, "5": 0.010869565217391304, "6": 0.019762845849802372, "7": 0.020750988142292492, "8": 0.02766798418972332, "9": 0.0266798418972332, "10": 0.025691699604743084, "11": 0.0266798418972332, "12": 0.022727272727272728, "13": 0.023715415019762844, "14": 0.023715415019762844, "15": 0.018774703557312252, "16": 0.021739130434782608, "17": 0.019762845849802372, "18": 0.019762845849802372, "19": 0.025691699604743084, "20": 0.0266798418972332, "21": 0.03557312252964427, "22": 0.02865612648221344, "23": 0.022727272727272728, "24": 0.022727272727272728, "25": 0.021739130434782608, "26": 0.018774703557312252, "27": 0.017786561264822136, "28": 0.015810276679841896, "29": 0.016798418972332016, "30": 0.01383399209486166, "31": 0.01383399209486166, "32": 0.0009881422924901185}