{"0": 0.11857707509881422, "1": 0.10869565217391304, "2": 0.025691699604743084, "3": 0.037549407114624504, "4": 0.10770750988142293, "5": 0.2608695652173913, "6": 0.5513833992094862, "7": 0.708498023715415, "8": 0.8547430830039525, "9": 0.908102766798419, "10": 0.9229249011857708, "11": 0.941699604743083, "12": 0.9515810276679841, "13": 0.9664031620553359, "14": 0.9752964426877471, "15": 0.9822134387351779, "16": 0.9891304347826086, "17": 0.9930830039525692, "18": 0.9930830039525692, "19": 0.9930830039525692, "20": 0.991106719367589, "21": 0.9871541501976284, "22": 0.9841897233201581, "23": 0.9812252964426877, "24": 0.9792490118577075, "25": 0.9723320158102767, "26": 0.9594861660079052, "27": 0.892292490118577, "28": 0.6936758893280632, "29": 0.4743083003952569, "30": 0.22826086956521738, "31": 0.14130434782608695, "32": 0.09881422924901186}