{"0": 0.037549407114624504, "1": 0.019762845849802372, "2": 0.001976284584980237, "3": 0.003952569169960474, "4": 0.009881422924901186, "5": 0.012845849802371542, "6": 0.01383399209486166, "7": 0.015810276679841896, "8": 0.019762845849802372, "9": 0.019762845849802372, "10": 0.016798418972332016, "11": 0.014822134387351778, "12": 0.014822134387351778, "13": 0.015810276679841896, "14": 0.012845849802371542, "15": 0.015810276679841896, "16": 0.018774703557312252, "17": 0.015810276679841896, "18": 0.017786561264822136, "19": 0.024703557312252964, "20": 0.018774703557312252, "21": 0.023715415019762844, "22": 0.019762845849802372, "23": 0.022727272727272728, "24": 0.020750988142292492, "25": 0.012845849802371542, "26": 0.01383399209486166, "27": 0.014822134387351778, "28": 0.01383399209486166, "29": 0.014822134387351778, "30": 0.01383399209486166, "31": 0.01383399209486166, "32": 0.0009881422924901185}