{"0": 0.06818181818181818, "1": 0.03458498023715415, "2": 0.007905138339920948, "3": 0.004940711462450593, "4": 0.019762845849802372, "5": 0.03260869565217391, "6": 0.06126482213438735, "7": 0.06620553359683795, "8": 0.11067193675889328, "9": 0.10869565217391304, "10": 0.116600790513834, "11": 0.11857707509881422, "12": 0.10869565217391304, "13": 0.116600790513834, "14": 0.11462450592885376, "15": 0.10770750988142293, "16": 0.15612648221343872, "17": 0.13932806324110672, "18": 0.1274703557312253, "19": 0.15612648221343872, "20": 0.17687747035573123, "21": 0.15810276679841898, "22": 0.14723320158102768, "23": 0.13636363636363635, "24": 0.11067193675889328, "25": 0.09387351778656126, "26": 0.08596837944664032, "27": 0.08201581027667984, "28": 0.05632411067193676, "29": 0.05237154150197629, "30": 0.04743083003952569, "31": 0.03359683794466403, "32": 0.0029644268774703555}