{"0": 0.12845849802371542, "1": 0.06422924901185771, "2": 0.025691699604743084, "3": 0.03162055335968379, "4": 0.07707509881422925, "5": 0.2025691699604743, "6": 0.49703557312252966, "7": 0.6798418972332015, "8": 0.841897233201581, "9": 0.9071146245059288, "10": 0.9189723320158103, "11": 0.9387351778656127, "12": 0.9436758893280632, "13": 0.958498023715415, "14": 0.9752964426877471, "15": 0.9851778656126482, "16": 0.9881422924901185, "17": 0.9950592885375494, "18": 0.9950592885375494, "19": 0.9930830039525692, "20": 0.9871541501976284, "21": 0.983201581027668, "22": 0.967391304347826, "23": 0.9683794466403162, "24": 0.9347826086956522, "25": 0.83399209486166, "26": 0.6521739130434783, "27": 0.47134387351778656, "28": 0.25395256916996045, "29": 0.14723320158102768, "30": 0.07312252964426877, "31": 0.05237154150197629, "32": 0.09189723320158102}