{"0": 0.03458498023715415, "1": 0.017786561264822136, "2": 0.005928853754940711, "3": 0.003952569169960474, "4": 0.005928853754940711, "5": 0.008893280632411068, "6": 0.012845849802371542, "7": 0.018774703557312252, "8": 0.0266798418972332, "9": 0.030632411067193676, "10": 0.03557312252964427, "11": 0.038537549407114624, "12": 0.046442687747035576, "13": 0.06719367588932806, "14": 0.058300395256917, "15": 0.06521739130434782, "16": 0.07905138339920949, "17": 0.058300395256917, "18": 0.058300395256917, "19": 0.06818181818181818, "20": 0.06324110671936758, "21": 0.044466403162055336, "22": 0.039525691699604744, "23": 0.043478260869565216, "24": 0.029644268774703556, "25": 0.014822134387351778, "26": 0.011857707509881422, "27": 0.009881422924901186, "28": 0.008893280632411068, "29": 0.011857707509881422, "30": 0.007905138339920948, "31": 0.005928853754940711, "32": 0.0029644268774703555}