{"0": 0.0009881422924901185, "1": 0.0, "2": 0.0, "3": 0.0, "4": 0.0, "5": 0.0, "6": 0.0, "7": 0.0, "8": 0.0009881422924901185, "9": 0.007905138339920948, "10": 0.007905138339920948, "11": 0.009881422924901186, "12": 0.011857707509881422, "13": 0.007905138339920948, "14": 0.008893280632411068, "15": 0.008893280632411068, "16": 0.010869565217391304, "17": 0.00691699604743083, "18": 0.007905138339920948, "19": 0.007905138339920948, "20": 0.004940711462450593, "21": 0.007905138339920948, "22": 0.007905138339920948, "23": 0.0029644268774703555, "24": 0.003952569169960474, "25": 0.0029644268774703555, "26": 0.003952569169960474, "27": 0.0029644268774703555, "28": 0.0029644268774703555, "29": 0.0029644268774703555, "30": 0.003952569169960474, "31": 0.001976284584980237, "32": 0.0}