{"0": 0.001976284584980237, "1": 0.0, "2": 0.0, "3": 0.0, "4": 0.0, "5": 0.0, "6": 0.0, "7": 0.0, "8": 0.001976284584980237, "9": 0.003952569169960474, "10": 0.001976284584980237, "11": 0.001976284584980237, "12": 0.0029644268774703555, "13": 0.001976284584980237, "14": 0.003952569169960474, "15": 0.003952569169960474, "16": 0.004940711462450593, "17": 0.003952569169960474, "18": 0.003952569169960474, "19": 0.003952569169960474, "20": 0.004940711462450593, "21": 0.005928853754940711, "22": 0.008893280632411068, "23": 0.00691699604743083, "24": 0.007905138339920948, "25": 0.004940711462450593, "26": 0.005928853754940711, "27": 0.005928853754940711, "28": 0.005928853754940711, "29": 0.005928853754940711, "30": 0.00691699604743083, "31": 0.003952569169960474, "32": 0.0029644268774703555}