{"0": 0.010869565217391304, "1": 0.001976284584980237, "2": 0.0, "3": 0.0, "4": 0.001976284584980237, "5": 0.001976284584980237, "6": 0.009881422924901186, "7": 0.015810276679841896, "8": 0.021739130434782608, "9": 0.025691699604743084, "10": 0.029644268774703556, "11": 0.02865612648221344, "12": 0.0266798418972332, "13": 0.02766798418972332, "14": 0.0266798418972332, "15": 0.023715415019762844, "16": 0.030632411067193676, "17": 0.024703557312252964, "18": 0.022727272727272728, "19": 0.0266798418972332, "20": 0.02865612648221344, "21": 0.03557312252964427, "22": 0.016798418972332016, "23": 0.017786561264822136, "24": 0.014822134387351778, "25": 0.011857707509881422, "26": 0.009881422924901186, "27": 0.005928853754940711, "28": 0.003952569169960474, "29": 0.003952569169960474, "30": 0.003952569169960474, "31": 0.008893280632411068, "32": 0.0}