{"0": 0.08201581027667984, "1": 0.04841897233201581, "2": 0.004940711462450593, "3": 0.003952569169960474, "4": 0.011857707509881422, "5": 0.023715415019762844, "6": 0.0741106719367589, "7": 0.15612648221343872, "8": 0.2865612648221344, "9": 0.3191699604743083, "10": 0.4357707509881423, "11": 0.5019762845849802, "12": 0.5484189723320159, "13": 0.6492094861660079, "14": 0.6847826086956522, "15": 0.7401185770750988, "16": 0.8241106719367589, "17": 0.733201581027668, "18": 0.6986166007905138, "19": 0.6175889328063241, "20": 0.5968379446640316, "21": 0.3675889328063241, "22": 0.30039525691699603, "23": 0.33992094861660077, "24": 0.21146245059288538, "25": 0.1373517786561265, "26": 0.11462450592885376, "27": 0.09980237154150198, "28": 0.05434782608695652, "29": 0.04743083003952569, "30": 0.042490118577075096, "31": 0.05039525691699605, "32": 0.043478260869565216}