{"0": 0.007905138339920948, "1": 0.001976284584980237, "2": 0.0, "3": 0.0, "4": 0.0, "5": 0.001976284584980237, "6": 0.009881422924901186, "7": 0.019762845849802372, "8": 0.041501976284584984, "9": 0.06324110671936758, "10": 0.11067193675889328, "11": 0.11067193675889328, "12": 0.13142292490118576, "13": 0.1551383399209486, "14": 0.1492094861660079, "15": 0.17786561264822134, "16": 0.24308300395256918, "17": 0.17490118577075098, "18": 0.15019762845849802, "19": 0.14031620553359683, "20": 0.21936758893280633, "21": 0.22529644268774704, "22": 0.16304347826086957, "23": 0.10869565217391304, "24": 0.09288537549407115, "25": 0.08300395256916997, "26": 0.0691699604743083, "27": 0.05533596837944664, "28": 0.036561264822134384, "29": 0.03260869565217391, "30": 0.029644268774703556, "31": 0.024703557312252964, "32": 0.0029644268774703555}