{"0": 0.0009881422924901185, "1": 0.0, "2": 0.0, "3": 0.0, "4": 0.0, "5": 0.0, "6": 0.0, "7": 0.0, "8": 0.0, "9": 0.001976284584980237, "10": 0.0009881422924901185, "11": 0.001976284584980237, "12": 0.001976284584980237, "13": 0.001976284584980237, "14": 0.001976284584980237, "15": 0.001976284584980237, "16": 0.0009881422924901185, "17": 0.0, "18": 0.0, "19": 0.0, "20": 0.0009881422924901185, "21": 0.0009881422924901185, "22": 0.0009881422924901185, "23": 0.0009881422924901185, "24": 0.0009881422924901185, "25": 0.0, "26": 0.0, "27": 0.0, "28": 0.0, "29": 0.0, "30": 0.0, "31": 0.0009881422924901185, "32": 0.0009881422924901185}