{"0": 0.05731225296442688, "1": 0.02766798418972332, "2": 0.008893280632411068, "3": 0.007905138339920948, "4": 0.016798418972332016, "5": 0.016798418972332016, "6": 0.022727272727272728, "7": 0.022727272727272728, "8": 0.022727272727272728, "9": 0.024703557312252964, "10": 0.024703557312252964, "11": 0.022727272727272728, "12": 0.021739130434782608, "13": 0.021739130434782608, "14": 0.019762845849802372, "15": 0.018774703557312252, "16": 0.021739130434782608, "17": 0.018774703557312252, "18": 0.017786561264822136, "19": 0.023715415019762844, "20": 0.0266798418972332, "21": 0.03557312252964427, "22": 0.02766798418972332, "23": 0.021739130434782608, "24": 0.022727272727272728, "25": 0.018774703557312252, "26": 0.016798418972332016, "27": 0.014822134387351778, "28": 0.012845849802371542, "29": 0.01383399209486166, "30": 0.014822134387351778, "31": 0.014822134387351778, "32": 0.0029644268774703555}