{"0": 0.05434782608695652, "1": 0.023715415019762844, "2": 0.004940711462450593, "3": 0.00691699604743083, "4": 0.011857707509881422, "5": 0.014822134387351778, "6": 0.017786561264822136, "7": 0.016798418972332016, "8": 0.021739130434782608, "9": 0.022727272727272728, "10": 0.018774703557312252, "11": 0.018774703557312252, "12": 0.016798418972332016, "13": 0.018774703557312252, "14": 0.019762845849802372, "15": 0.019762845849802372, "16": 0.022727272727272728, "17": 0.018774703557312252, "18": 0.020750988142292492, "19": 0.029644268774703556, "20": 0.03557312252964427, "21": 0.039525691699604744, "22": 0.03557312252964427, "23": 0.040513833992094864, "24": 0.03162055335968379, "25": 0.0266798418972332, "26": 0.020750988142292492, "27": 0.020750988142292492, "28": 0.015810276679841896, "29": 0.014822134387351778, "30": 0.01383399209486166, "31": 0.014822134387351778, "32": 0.0009881422924901185}