{"0": 0.017786561264822136, "1": 0.005928853754940711, "2": 0.001976284584980237, "3": 0.0009881422924901185, "4": 0.001976284584980237, "5": 0.012845849802371542, "6": 0.05928853754940711, "7": 0.12944664031620554, "8": 0.2994071146245059, "9": 0.37351778656126483, "10": 0.44466403162055335, "11": 0.4782608695652174, "12": 0.4950592885375494, "13": 0.5592885375494071, "14": 0.549407114624506, "15": 0.6047430830039525, "16": 0.6729249011857708, "17": 0.6640316205533597, "18": 0.5958498023715415, "19": 0.5632411067193676, "20": 0.26778656126482214, "21": 0.39920948616600793, "22": 0.1432806324110672, "23": 0.22134387351778656, "24": 0.17490118577075098, "25": 0.12154150197628459, "26": 0.04940711462450593, "27": 0.05533596837944664, "28": 0.025691699604743084, "29": 0.024703557312252964, "30": 0.023715415019762844, "31": 0.014822134387351778, "32": 0.009881422924901186}