{"0": 0.011857707509881422, "1": 0.010869565217391304, "2": 0.0, "3": 0.001976284584980237, "4": 0.015810276679841896, "5": 0.07608695652173914, "6": 0.35177865612648224, "7": 0.567193675889328, "8": 0.7450592885375494, "9": 0.8458498023715415, "10": 0.8705533596837944, "11": 0.8962450592885376, "12": 0.91600790513834, "13": 0.9436758893280632, "14": 0.9614624505928854, "15": 0.9762845849802372, "16": 0.9851778656126482, "17": 0.9940711462450593, "18": 0.9930830039525692, "19": 0.9901185770750988, "20": 0.9881422924901185, "21": 0.9822134387351779, "22": 0.9772727272727273, "23": 0.9683794466403162, "24": 0.9436758893280632, "25": 0.9031620553359684, "26": 0.7509881422924901, "27": 0.66600790513834, "28": 0.42292490118577075, "29": 0.29545454545454547, "30": 0.2490118577075099, "31": 0.2816205533596838, "32": 0.00691699604743083}