{"0": 0.0009881422924901185, "1": 0.0, "2": 0.0, "3": 0.0, "4": 0.0, "5": 0.0009881422924901185, "6": 0.001976284584980237, "7": 0.004940711462450593, "8": 0.016798418972332016, "9": 0.042490118577075096, "10": 0.037549407114624504, "11": 0.05632411067193676, "12": 0.06719367588932806, "13": 0.07707509881422925, "14": 0.10375494071146245, "15": 0.08695652173913043, "16": 0.12648221343873517, "17": 0.0741106719367589, "18": 0.06422924901185771, "19": 0.03458498023715415, "20": 0.03359683794466403, "21": 0.044466403162055336, "22": 0.022727272727272728, "23": 0.022727272727272728, "24": 0.014822134387351778, "25": 0.010869565217391304, "26": 0.011857707509881422, "27": 0.012845849802371542, "28": 0.007905138339920948, "29": 0.007905138339920948, "30": 0.016798418972332016, "31": 0.004940711462450593, "32": 0.0}