{"0": 0.012845849802371542, "1": 0.00691699604743083, "2": 0.001976284584980237, "3": 0.001976284584980237, "4": 0.001976284584980237, "5": 0.007905138339920948, "6": 0.009881422924901186, "7": 0.015810276679841896, "8": 0.030632411067193676, "9": 0.040513833992094864, "10": 0.046442687747035576, "11": 0.046442687747035576, "12": 0.04743083003952569, "13": 0.05533596837944664, "14": 0.05731225296442688, "15": 0.06126482213438735, "16": 0.07806324110671936, "17": 0.05434782608695652, "18": 0.05237154150197629, "19": 0.06521739130434782, "20": 0.03162055335968379, "21": 0.037549407114624504, "22": 0.023715415019762844, "23": 0.023715415019762844, "24": 0.016798418972332016, "25": 0.012845849802371542, "26": 0.008893280632411068, "27": 0.007905138339920948, "28": 0.005928853754940711, "29": 0.005928853754940711, "30": 0.005928853754940711, "31": 0.00691699604743083, "32": 0.0009881422924901185}