{"0": 0.025691699604743084, "1": 0.010869565217391304, "2": 0.0009881422924901185, "3": 0.0009881422924901185, "4": 0.0009881422924901185, "5": 0.010869565217391304, "6": 0.06027667984189723, "7": 0.1482213438735178, "8": 0.3191699604743083, "9": 0.4901185770750988, "10": 0.558300395256917, "11": 0.6195652173913043, "12": 0.6551383399209486, "13": 0.7045454545454546, "14": 0.7223320158102767, "15": 0.7875494071146245, "16": 0.8725296442687747, "17": 0.857707509881423, "18": 0.8102766798418972, "19": 0.7964426877470355, "20": 0.7045454545454546, "21": 0.6610671936758893, "22": 0.5869565217391305, "23": 0.5217391304347826, "24": 0.3784584980237154, "25": 0.2865612648221344, "26": 0.17490118577075098, "27": 0.1422924901185771, "28": 0.0533596837944664, "29": 0.04743083003952569, "30": 0.025691699604743084, "31": 0.022727272727272728, "32": 0.03458498023715415}