{"0": 0.1274703557312253, "1": 0.06027667984189723, "2": 0.010869565217391304, "3": 0.009881422924901186, "4": 0.017786561264822136, "5": 0.02766798418972332, "6": 0.0691699604743083, "7": 0.08893280632411067, "8": 0.13438735177865613, "9": 0.1373517786561265, "10": 0.14723320158102768, "11": 0.1590909090909091, "12": 0.15810276679841898, "13": 0.17193675889328064, "14": 0.17193675889328064, "15": 0.15810276679841898, "16": 0.2381422924901186, "17": 0.20059288537549408, "18": 0.17687747035573123, "19": 0.18873517786561264, "20": 0.20355731225296442, "21": 0.16798418972332016, "22": 0.1492094861660079, "23": 0.1650197628458498, "24": 0.13537549407114624, "25": 0.11166007905138339, "26": 0.10276679841897234, "27": 0.09486166007905138, "28": 0.07707509881422925, "29": 0.0691699604743083, "30": 0.058300395256917, "31": 0.0533596837944664, "32": 0.010869565217391304}