{"0": 0.07114624505928854, "1": 0.03458498023715415, "2": 0.004940711462450593, "3": 0.00691699604743083, "4": 0.01383399209486166, "5": 0.017786561264822136, "6": 0.03162055335968379, "7": 0.029644268774703556, "8": 0.038537549407114624, "9": 0.040513833992094864, "10": 0.038537549407114624, "11": 0.037549407114624504, "12": 0.03162055335968379, "13": 0.03260869565217391, "14": 0.03260869565217391, "15": 0.029644268774703556, "16": 0.040513833992094864, "17": 0.03458498023715415, "18": 0.03557312252964427, "19": 0.042490118577075096, "20": 0.06324110671936758, "21": 0.06719367588932806, "22": 0.05928853754940711, "23": 0.0533596837944664, "24": 0.04743083003952569, "25": 0.043478260869565216, "26": 0.038537549407114624, "27": 0.03162055335968379, "28": 0.024703557312252964, "29": 0.023715415019762844, "30": 0.022727272727272728, "31": 0.020750988142292492, "32": 0.001976284584980237}