{"0": 0.0533596837944664, "1": 0.023715415019762844, "2": 0.0009881422924901185, "3": 0.0009881422924901185, "4": 0.004940711462450593, "5": 0.008893280632411068, "6": 0.014822134387351778, "7": 0.016798418972332016, "8": 0.018774703557312252, "9": 0.020750988142292492, "10": 0.022727272727272728, "11": 0.024703557312252964, "12": 0.025691699604743084, "13": 0.024703557312252964, "14": 0.024703557312252964, "15": 0.02766798418972332, "16": 0.025691699604743084, "17": 0.022727272727272728, "18": 0.025691699604743084, "19": 0.03162055335968379, "20": 0.018774703557312252, "21": 0.023715415019762844, "22": 0.017786561264822136, "23": 0.023715415019762844, "24": 0.025691699604743084, "25": 0.014822134387351778, "26": 0.01383399209486166, "27": 0.01383399209486166, "28": 0.012845849802371542, "29": 0.012845849802371542, "30": 0.010869565217391304, "31": 0.010869565217391304, "32": 0.001976284584980237}