{"0": 0.029644268774703556, "1": 0.019762845849802372, "2": 0.003952569169960474, "3": 0.005928853754940711, "4": 0.004940711462450593, "5": 0.004940711462450593, "6": 0.008893280632411068, "7": 0.010869565217391304, "8": 0.01383399209486166, "9": 0.012845849802371542, "10": 0.015810276679841896, "11": 0.014822134387351778, "12": 0.012845849802371542, "13": 0.012845849802371542, "14": 0.011857707509881422, "15": 0.010869565217391304, "16": 0.01383399209486166, "17": 0.011857707509881422, "18": 0.01383399209486166, "19": 0.018774703557312252, "20": 0.021739130434782608, "21": 0.023715415019762844, "22": 0.017786561264822136, "23": 0.015810276679841896, "24": 0.011857707509881422, "25": 0.010869565217391304, "26": 0.008893280632411068, "27": 0.008893280632411068, "28": 0.007905138339920948, "29": 0.008893280632411068, "30": 0.007905138339920948, "31": 0.005928853754940711, "32": 0.0029644268774703555}