{"0": 0.012845849802371542, "1": 0.012845849802371542, "2": 0.003952569169960474, "3": 0.003952569169960474, "4": 0.018774703557312252, "5": 0.0533596837944664, "6": 0.22430830039525693, "7": 0.3616600790513834, "8": 0.5642292490118577, "9": 0.6492094861660079, "10": 0.7282608695652174, "11": 0.75, "12": 0.7618577075098815, "13": 0.8201581027667985, "14": 0.83399209486166, "15": 0.8517786561264822, "16": 0.91600790513834, "17": 0.9377470355731226, "18": 0.9337944664031621, "19": 0.9179841897233202, "20": 0.9219367588932806, "21": 0.9100790513833992, "22": 0.892292490118577, "23": 0.8488142292490118, "24": 0.7549407114624506, "25": 0.7292490118577075, "26": 0.6620553359683794, "27": 0.5464426877470355, "28": 0.43873517786561267, "29": 0.4090909090909091, "30": 0.29150197628458496, "31": 0.18478260869565216, "32": 0.0009881422924901185}