{"0": 0.021739130434782608, "1": 0.024703557312252964, "2": 0.007905138339920948, "3": 0.012845849802371542, "4": 0.042490118577075096, "5": 0.12648221343873517, "6": 0.36363636363636365, "7": 0.5217391304347826, "8": 0.6986166007905138, "9": 0.7806324110671937, "10": 0.8221343873517787, "11": 0.8399209486166008, "12": 0.841897233201581, "13": 0.8804347826086957, "14": 0.9061264822134387, "15": 0.9120553359683794, "16": 0.9397233201581028, "17": 0.9545454545454546, "18": 0.9486166007905138, "19": 0.9525691699604744, "20": 0.9367588932806324, "21": 0.9268774703557312, "22": 0.91600790513834, "23": 0.8774703557312253, "24": 0.7875494071146245, "25": 0.7628458498023716, "26": 0.7144268774703557, "27": 0.49407114624505927, "28": 0.33695652173913043, "29": 0.2509881422924901, "30": 0.12648221343873517, "31": 0.07015810276679842, "32": 0.018774703557312252}