{"0": 0.06422924901185771, "1": 0.03359683794466403, "2": 0.009881422924901186, "3": 0.008893280632411068, "4": 0.014822134387351778, "5": 0.03458498023715415, "6": 0.1482213438735178, "7": 0.2984189723320158, "8": 0.5187747035573123, "9": 0.6027667984189723, "10": 0.6818181818181818, "11": 0.7460474308300395, "12": 0.7717391304347826, "13": 0.849802371541502, "14": 0.8695652173913043, "15": 0.9169960474308301, "16": 0.9486166007905138, "17": 0.9367588932806324, "18": 0.9347826086956522, "19": 0.91600790513834, "20": 0.8300395256916996, "21": 0.75, "22": 0.7223320158102767, "23": 0.6679841897233202, "24": 0.5276679841897233, "25": 0.2865612648221344, "26": 0.22332015810276679, "27": 0.18280632411067194, "28": 0.08794466403162056, "29": 0.0741106719367589, "30": 0.05632411067193676, "31": 0.058300395256917, "32": 0.019762845849802372}