{"0": 0.03260869565217391, "1": 0.015810276679841896, "2": 0.001976284584980237, "3": 0.0009881422924901185, "4": 0.001976284584980237, "5": 0.003952569169960474, "6": 0.009881422924901186, "7": 0.012845849802371542, "8": 0.017786561264822136, "9": 0.019762845849802372, "10": 0.019762845849802372, "11": 0.018774703557312252, "12": 0.019762845849802372, "13": 0.015810276679841896, "14": 0.019762845849802372, "15": 0.018774703557312252, "16": 0.024703557312252964, "17": 0.015810276679841896, "18": 0.019762845849802372, "19": 0.0266798418972332, "20": 0.017786561264822136, "21": 0.024703557312252964, "22": 0.019762845849802372, "23": 0.023715415019762844, "24": 0.022727272727272728, "25": 0.012845849802371542, "26": 0.012845849802371542, "27": 0.016798418972332016, "28": 0.015810276679841896, "29": 0.015810276679841896, "30": 0.015810276679841896, "31": 0.01383399209486166, "32": 0.0009881422924901185}