{"0": 0.04854368932038835, "1": 0.038834951456310676, "2": 0.02912621359223301, "3": 0.02912621359223301, "4": 0.18446601941747573, "5": 0.39805825242718446, "6": 0.44660194174757284, "7": 0.6213592233009708, "8": 0.7087378640776699, "9": 0.6310679611650486, "10": 0.6407766990291263, "11": 0.6116504854368932, "12": 0.5825242718446602, "13": 0.6407766990291263, "14": 0.6893203883495146, "15": 0.6213592233009708, "16": 0.7961165048543689, "17": 0.7281553398058253, "18": 0.7281553398058253, "19": 0.7184466019417476, "20": 0.7184466019417476, "21": 0.6796116504854369, "22": 0.6601941747572816, "23": 0.6116504854368932, "24": 0.6213592233009708, "25": 0.44660194174757284, "26": 0.4077669902912621, "27": 0.27184466019417475, "28": 0.1262135922330097, "29": 0.06796116504854369, "30": 0.05825242718446602, "31": 0.06796116504854369, "32": 0.02912621359223301}