{"0": 0.009708737864077669, "1": 0.0, "2": 0.009708737864077669, "3": 0.009708737864077669, "4": 0.04854368932038835, "5": 0.13592233009708737, "6": 0.2815533980582524, "7": 0.44660194174757284, "8": 0.5533980582524272, "9": 0.5533980582524272, "10": 0.6213592233009708, "11": 0.5922330097087378, "12": 0.5339805825242718, "13": 0.5242718446601942, "14": 0.6116504854368932, "15": 0.46601941747572817, "16": 0.6893203883495146, "17": 0.5922330097087378, "18": 0.6504854368932039, "19": 0.5436893203883495, "20": 0.5145631067961165, "21": 0.4368932038834951, "22": 0.4368932038834951, "23": 0.36893203883495146, "24": 0.3883495145631068, "25": 0.32038834951456313, "26": 0.2815533980582524, "27": 0.10679611650485436, "28": 0.07766990291262135, "29": 0.06796116504854369, "30": 0.05825242718446602, "31": 0.1650485436893204, "32": 0.019417475728155338}