{"0": 0.0, "1": 0.0, "2": 0.0, "3": 0.0, "4": 0.0, "5": 0.009708737864077669, "6": 0.038834951456310676, "7": 0.02912621359223301, "8": 0.02912621359223301, "9": 0.038834951456310676, "10": 0.04854368932038835, "11": 0.05825242718446602, "12": 0.07766990291262135, "13": 0.04854368932038835, "14": 0.0970873786407767, "15": 0.10679611650485436, "16": 0.1650485436893204, "17": 0.14563106796116504, "18": 0.17475728155339806, "19": 0.1262135922330097, "20": 0.0970873786407767, "21": 0.08737864077669903, "22": 0.04854368932038835, "23": 0.038834951456310676, "24": 0.009708737864077669, "25": 0.0, "26": 0.0, "27": 0.0, "28": 0.0, "29": 0.0, "30": 0.0, "31": 0.009708737864077669, "32": 0.009708737864077669}