{"0": 0.0, "1": 0.0, "2": 0.0, "3": 0.0, "4": 0.009708737864077669, "5": 0.08737864077669903, "6": 0.14563106796116504, "7": 0.34951456310679613, "8": 0.5048543689320388, "9": 0.42718446601941745, "10": 0.5242718446601942, "11": 0.5436893203883495, "12": 0.5631067961165048, "13": 0.6213592233009708, "14": 0.7184466019417476, "15": 0.5145631067961165, "16": 0.8058252427184466, "17": 0.7184466019417476, "18": 0.7281553398058253, "19": 0.6893203883495146, "20": 0.7184466019417476, "21": 0.6601941747572816, "22": 0.6213592233009708, "23": 0.5728155339805825, "24": 0.5242718446601942, "25": 0.49514563106796117, "26": 0.4368932038834951, "27": 0.2815533980582524, "28": 0.18446601941747573, "29": 0.17475728155339806, "30": 0.04854368932038835, "31": 0.11650485436893204, "32": 0.0}