{"0": 0.0, "1": 0.0, "2": 0.0, "3": 0.0, "4": 0.0, "5": 0.009708737864077669, "6": 0.019417475728155338, "7": 0.02912621359223301, "8": 0.038834951456310676, "9": 0.038834951456310676, "10": 0.07766990291262135, "11": 0.07766990291262135, "12": 0.10679611650485436, "13": 0.10679611650485436, "14": 0.13592233009708737, "15": 0.17475728155339806, "16": 0.2815533980582524, "17": 0.2621359223300971, "18": 0.27184466019417475, "19": 0.21359223300970873, "20": 0.22330097087378642, "21": 0.1650485436893204, "22": 0.13592233009708737, "23": 0.0970873786407767, "24": 0.038834951456310676, "25": 0.038834951456310676, "26": 0.019417475728155338, "27": 0.0, "28": 0.0, "29": 0.0, "30": 0.019417475728155338, "31": 0.019417475728155338, "32": 0.0}