{"0": 0.0, "1": 0.0, "2": 0.0, "3": 0.0, "4": 0.0, "5": 0.05825242718446602, "6": 0.05825242718446602, "7": 0.08737864077669903, "8": 0.14563106796116504, "9": 0.1553398058252427, "10": 0.24271844660194175, "11": 0.22330097087378642, "12": 0.1941747572815534, "13": 0.23300970873786409, "14": 0.34951456310679613, "15": 0.30097087378640774, "16": 0.5339805825242718, "17": 0.46601941747572817, "18": 0.44660194174757284, "19": 0.39805825242718446, "20": 0.4563106796116505, "21": 0.4174757281553398, "22": 0.4174757281553398, "23": 0.36893203883495146, "24": 0.2815533980582524, "25": 0.14563106796116504, "26": 0.1650485436893204, "27": 0.07766990291262135, "28": 0.04854368932038835, "29": 0.009708737864077669, "30": 0.04854368932038835, "31": 0.06796116504854369, "32": 0.0}