{"0": 0.009708737864077669, "1": 0.0, "2": 0.019417475728155338, "3": 0.04854368932038835, "4": 0.0970873786407767, "5": 0.2815533980582524, "6": 0.44660194174757284, "7": 0.6116504854368932, "8": 0.6893203883495146, "9": 0.6893203883495146, "10": 0.7087378640776699, "11": 0.7087378640776699, "12": 0.6116504854368932, "13": 0.7378640776699029, "14": 0.7766990291262136, "15": 0.7281553398058253, "16": 0.8058252427184466, "17": 0.7864077669902912, "18": 0.7766990291262136, "19": 0.7766990291262136, "20": 0.7766990291262136, "21": 0.7572815533980582, "22": 0.7281553398058253, "23": 0.6990291262135923, "24": 0.6893203883495146, "25": 0.5825242718446602, "26": 0.5242718446601942, "27": 0.27184466019417475, "28": 0.23300970873786409, "29": 0.18446601941747573, "30": 0.14563106796116504, "31": 0.3106796116504854, "32": 0.10679611650485436}