{"0": 0.009708737864077669, "1": 0.02912621359223301, "2": 0.019417475728155338, "3": 0.10679611650485436, "4": 0.23300970873786409, "5": 0.3883495145631068, "6": 0.5339805825242718, "7": 0.5922330097087378, "8": 0.6893203883495146, "9": 0.6116504854368932, "10": 0.6504854368932039, "11": 0.6213592233009708, "12": 0.5242718446601942, "13": 0.5922330097087378, "14": 0.6019417475728155, "15": 0.5533980582524272, "16": 0.6699029126213593, "17": 0.6310679611650486, "18": 0.6407766990291263, "19": 0.6310679611650486, "20": 0.6116504854368932, "21": 0.6019417475728155, "22": 0.5922330097087378, "23": 0.5533980582524272, "24": 0.5825242718446602, "25": 0.4854368932038835, "26": 0.4368932038834951, "27": 0.3300970873786408, "28": 0.20388349514563106, "29": 0.10679611650485436, "30": 0.04854368932038835, "31": 0.10679611650485436, "32": 0.06796116504854369}