{"0": 0.009708737864077669, "1": 0.019417475728155338, "2": 0.009708737864077669, "3": 0.009708737864077669, "4": 0.019417475728155338, "5": 0.02912621359223301, "6": 0.05825242718446602, "7": 0.0970873786407767, "8": 0.1553398058252427, "9": 0.1553398058252427, "10": 0.21359223300970873, "11": 0.23300970873786409, "12": 0.23300970873786409, "13": 0.2912621359223301, "14": 0.3786407766990291, "15": 0.32038834951456313, "16": 0.4563106796116505, "17": 0.42718446601941745, "18": 0.42718446601941745, "19": 0.3786407766990291, "20": 0.3883495145631068, "21": 0.1650485436893204, "22": 0.14563106796116504, "23": 0.08737864077669903, "24": 0.08737864077669903, "25": 0.06796116504854369, "26": 0.04854368932038835, "27": 0.02912621359223301, "28": 0.019417475728155338, "29": 0.019417475728155338, "30": 0.019417475728155338, "31": 0.019417475728155338, "32": 0.019417475728155338}