{"0": 0.019417475728155338, "1": 0.038834951456310676, "2": 0.038834951456310676, "3": 0.1262135922330097, "4": 0.22330097087378642, "5": 0.36893203883495146, "6": 0.5145631067961165, "7": 0.6019417475728155, "8": 0.6601941747572816, "9": 0.6504854368932039, "10": 0.6601941747572816, "11": 0.6601941747572816, "12": 0.5922330097087378, "13": 0.6407766990291263, "14": 0.6699029126213593, "15": 0.6504854368932039, "16": 0.8252427184466019, "17": 0.7766990291262136, "18": 0.7864077669902912, "19": 0.7475728155339806, "20": 0.7572815533980582, "21": 0.7378640776699029, "22": 0.7184466019417476, "23": 0.6893203883495146, "24": 0.6893203883495146, "25": 0.5922330097087378, "26": 0.5922330097087378, "27": 0.49514563106796117, "28": 0.27184466019417475, "29": 0.24271844660194175, "30": 0.1262135922330097, "31": 0.21359223300970873, "32": 0.06796116504854369}