{"0": 0.0, "1": 0.0, "2": 0.0, "3": 0.0, "4": 0.0, "5": 0.0, "6": 0.0, "7": 0.038834951456310676, "8": 0.05825242718446602, "9": 0.07766990291262135, "10": 0.07766990291262135, "11": 0.10679611650485436, "12": 0.10679611650485436, "13": 0.10679611650485436, "14": 0.13592233009708737, "15": 0.1262135922330097, "16": 0.05825242718446602, "17": 0.038834951456310676, "18": 0.04854368932038835, "19": 0.038834951456310676, "20": 0.019417475728155338, "21": 0.0, "22": 0.009708737864077669, "23": 0.0, "24": 0.0, "25": 0.0, "26": 0.0, "27": 0.0, "28": 0.0, "29": 0.0, "30": 0.0, "31": 0.0, "32": 0.0}