{"0": 0.038834951456310676, "1": 0.038834951456310676, "2": 0.009708737864077669, "3": 0.0970873786407767, "4": 0.21359223300970873, "5": 0.47572815533980584, "6": 0.5242718446601942, "7": 0.6893203883495146, "8": 0.7572815533980582, "9": 0.6699029126213593, "10": 0.6504854368932039, "11": 0.6893203883495146, "12": 0.6699029126213593, "13": 0.7378640776699029, "14": 0.7378640776699029, "15": 0.7281553398058253, "16": 0.7961165048543689, "17": 0.7475728155339806, "18": 0.7669902912621359, "19": 0.7378640776699029, "20": 0.7378640776699029, "21": 0.7184466019417476, "22": 0.6990291262135923, "23": 0.6601941747572816, "24": 0.6699029126213593, "25": 0.49514563106796117, "26": 0.4563106796116505, "27": 0.34951456310679613, "28": 0.2524271844660194, "29": 0.22330097087378642, "30": 0.1650485436893204, "31": 0.1650485436893204, "32": 0.04854368932038835}