{"0": 0.10679611650485436, "1": 0.04854368932038835, "2": 0.02912621359223301, "3": 0.07766990291262135, "4": 0.20388349514563106, "5": 0.30097087378640774, "6": 0.4077669902912621, "7": 0.5533980582524272, "8": 0.6699029126213593, "9": 0.5825242718446602, "10": 0.6019417475728155, "11": 0.6019417475728155, "12": 0.5436893203883495, "13": 0.5922330097087378, "14": 0.6407766990291263, "15": 0.6601941747572816, "16": 0.8058252427184466, "17": 0.7572815533980582, "18": 0.7378640776699029, "19": 0.7184466019417476, "20": 0.6990291262135923, "21": 0.6796116504854369, "22": 0.6601941747572816, "23": 0.6504854368932039, "24": 0.6504854368932039, "25": 0.5339805825242718, "26": 0.5145631067961165, "27": 0.4077669902912621, "28": 0.3106796116504854, "29": 0.2524271844660194, "30": 0.11650485436893204, "31": 0.08737864077669903, "32": 0.019417475728155338}