{"0": 0.0, "1": 0.019417475728155338, "2": 0.009708737864077669, "3": 0.009708737864077669, "4": 0.10679611650485436, "5": 0.2524271844660194, "6": 0.4077669902912621, "7": 0.5825242718446602, "8": 0.7087378640776699, "9": 0.6116504854368932, "10": 0.6407766990291263, "11": 0.6601941747572816, "12": 0.5728155339805825, "13": 0.6796116504854369, "14": 0.7281553398058253, "15": 0.6990291262135923, "16": 0.7864077669902912, "17": 0.7572815533980582, "18": 0.7766990291262136, "19": 0.7378640776699029, "20": 0.7572815533980582, "21": 0.7087378640776699, "22": 0.7087378640776699, "23": 0.7281553398058253, "24": 0.7087378640776699, "25": 0.6699029126213593, "26": 0.6601941747572816, "27": 0.5728155339805825, "28": 0.4174757281553398, "29": 0.3883495145631068, "30": 0.32038834951456313, "31": 0.47572815533980584, "32": 0.14563106796116504}