{"0": 0.0, "1": 0.009708737864077669, "2": 0.009708737864077669, "3": 0.009708737864077669, "4": 0.019417475728155338, "5": 0.08737864077669903, "6": 0.17475728155339806, "7": 0.3592233009708738, "8": 0.47572815533980584, "9": 0.4077669902912621, "10": 0.4174757281553398, "11": 0.49514563106796117, "12": 0.3592233009708738, "13": 0.39805825242718446, "14": 0.4077669902912621, "15": 0.3592233009708738, "16": 0.5048543689320388, "17": 0.42718446601941745, "18": 0.44660194174757284, "19": 0.36893203883495146, "20": 0.3786407766990291, "21": 0.33980582524271846, "22": 0.3300970873786408, "23": 0.2815533980582524, "24": 0.2815533980582524, "25": 0.18446601941747573, "26": 0.1553398058252427, "27": 0.08737864077669903, "28": 0.05825242718446602, "29": 0.038834951456310676, "30": 0.038834951456310676, "31": 0.04854368932038835, "32": 0.009708737864077669}