{"0": 0.0, "1": 0.009708737864077669, "2": 0.0, "3": 0.009708737864077669, "4": 0.009708737864077669, "5": 0.02912621359223301, "6": 0.038834951456310676, "7": 0.02912621359223301, "8": 0.038834951456310676, "9": 0.05825242718446602, "10": 0.05825242718446602, "11": 0.06796116504854369, "12": 0.038834951456310676, "13": 0.05825242718446602, "14": 0.07766990291262135, "15": 0.06796116504854369, "16": 0.05825242718446602, "17": 0.06796116504854369, "18": 0.06796116504854369, "19": 0.05825242718446602, "20": 0.019417475728155338, "21": 0.019417475728155338, "22": 0.019417475728155338, "23": 0.019417475728155338, "24": 0.009708737864077669, "25": 0.009708737864077669, "26": 0.009708737864077669, "27": 0.009708737864077669, "28": 0.009708737864077669, "29": 0.009708737864077669, "30": 0.009708737864077669, "31": 0.009708737864077669, "32": 0.0}