{"0": 0.009708737864077669, "1": 0.019417475728155338, "2": 0.0, "3": 0.02912621359223301, "4": 0.038834951456310676, "5": 0.13592233009708737, "6": 0.22330097087378642, "7": 0.34951456310679613, "8": 0.3883495145631068, "9": 0.36893203883495146, "10": 0.4077669902912621, "11": 0.46601941747572817, "12": 0.3592233009708738, "13": 0.4368932038834951, "14": 0.4854368932038835, "15": 0.44660194174757284, "16": 0.6116504854368932, "17": 0.5339805825242718, "18": 0.5533980582524272, "19": 0.5048543689320388, "20": 0.4854368932038835, "21": 0.47572815533980584, "22": 0.4368932038834951, "23": 0.4077669902912621, "24": 0.3106796116504854, "25": 0.24271844660194175, "26": 0.1941747572815534, "27": 0.0970873786407767, "28": 0.08737864077669903, "29": 0.07766990291262135, "30": 0.019417475728155338, "31": 0.06796116504854369, "32": 0.009708737864077669}