{"0": 0.02912621359223301, "1": 0.07766990291262135, "2": 0.05825242718446602, "3": 0.20388349514563106, "4": 0.4077669902912621, "5": 0.6019417475728155, "6": 0.6796116504854369, "7": 0.8155339805825242, "8": 0.8446601941747572, "9": 0.8155339805825242, "10": 0.8252427184466019, "11": 0.8252427184466019, "12": 0.7572815533980582, "13": 0.8252427184466019, "14": 0.8155339805825242, "15": 0.8252427184466019, "16": 0.8932038834951457, "17": 0.8737864077669902, "18": 0.8737864077669902, "19": 0.883495145631068, "20": 0.883495145631068, "21": 0.883495145631068, "22": 0.8640776699029126, "23": 0.8446601941747572, "24": 0.8349514563106796, "25": 0.8058252427184466, "26": 0.7766990291262136, "27": 0.7184466019417476, "28": 0.6116504854368932, "29": 0.6019417475728155, "30": 0.5145631067961165, "31": 0.5242718446601942, "32": 0.1650485436893204}