{"0": 0.0, "1": 0.0, "2": 0.0, "3": 0.0, "4": 0.0, "5": 0.009708737864077669, "6": 0.04854368932038835, "7": 0.07766990291262135, "8": 0.07766990291262135, "9": 0.08737864077669903, "10": 0.1650485436893204, "11": 0.11650485436893204, "12": 0.11650485436893204, "13": 0.10679611650485436, "14": 0.17475728155339806, "15": 0.1941747572815534, "16": 0.3592233009708738, "17": 0.2621359223300971, "18": 0.2524271844660194, "19": 0.20388349514563106, "20": 0.22330097087378642, "21": 0.1650485436893204, "22": 0.1553398058252427, "23": 0.13592233009708737, "24": 0.11650485436893204, "25": 0.11650485436893204, "26": 0.11650485436893204, "27": 0.009708737864077669, "28": 0.009708737864077669, "29": 0.0, "30": 0.02912621359223301, "31": 0.019417475728155338, "32": 0.009708737864077669}