{"0": 0.0, "1": 0.009708737864077669, "2": 0.009708737864077669, "3": 0.009708737864077669, "4": 0.019417475728155338, "5": 0.038834951456310676, "6": 0.05825242718446602, "7": 0.07766990291262135, "8": 0.21359223300970873, "9": 0.21359223300970873, "10": 0.17475728155339806, "11": 0.18446601941747573, "12": 0.1650485436893204, "13": 0.21359223300970873, "14": 0.21359223300970873, "15": 0.1553398058252427, "16": 0.14563106796116504, "17": 0.10679611650485436, "18": 0.11650485436893204, "19": 0.0970873786407767, "20": 0.0970873786407767, "21": 0.07766990291262135, "22": 0.04854368932038835, "23": 0.02912621359223301, "24": 0.019417475728155338, "25": 0.009708737864077669, "26": 0.009708737864077669, "27": 0.0, "28": 0.0, "29": 0.0, "30": 0.0, "31": 0.0, "32": 0.0}