{"0": 0.009708737864077669, "1": 0.009708737864077669, "2": 0.0, "3": 0.009708737864077669, "4": 0.009708737864077669, "5": 0.02912621359223301, "6": 0.038834951456310676, "7": 0.07766990291262135, "8": 0.1262135922330097, "9": 0.1553398058252427, "10": 0.14563106796116504, "11": 0.1650485436893204, "12": 0.1650485436893204, "13": 0.11650485436893204, "14": 0.13592233009708737, "15": 0.11650485436893204, "16": 0.10679611650485436, "17": 0.06796116504854369, "18": 0.07766990291262135, "19": 0.06796116504854369, "20": 0.06796116504854369, "21": 0.05825242718446602, "22": 0.04854368932038835, "23": 0.02912621359223301, "24": 0.02912621359223301, "25": 0.019417475728155338, "26": 0.019417475728155338, "27": 0.009708737864077669, "28": 0.009708737864077669, "29": 0.009708737864077669, "30": 0.009708737864077669, "31": 0.009708737864077669, "32": 0.0}