{"0": 0.0, "1": 0.0, "2": 0.0, "3": 0.0, "4": 0.0, "5": 0.11650485436893204, "6": 0.13592233009708737, "7": 0.2815533980582524, "8": 0.4368932038834951, "9": 0.4077669902912621, "10": 0.39805825242718446, "11": 0.39805825242718446, "12": 0.32038834951456313, "13": 0.3592233009708738, "14": 0.4174757281553398, "15": 0.3106796116504854, "16": 0.5728155339805825, "17": 0.5145631067961165, "18": 0.47572815533980584, "19": 0.4854368932038835, "20": 0.4563106796116505, "21": 0.4174757281553398, "22": 0.36893203883495146, "23": 0.3786407766990291, "24": 0.3592233009708738, "25": 0.30097087378640774, "26": 0.30097087378640774, "27": 0.17475728155339806, "28": 0.1262135922330097, "29": 0.14563106796116504, "30": 0.13592233009708737, "31": 0.10679611650485436, "32": 0.0}