{"0": 0.0, "1": 0.0, "2": 0.0, "3": 0.009708737864077669, "4": 0.038834951456310676, "5": 0.1262135922330097, "6": 0.2524271844660194, "7": 0.4368932038834951, "8": 0.5436893203883495, "9": 0.49514563106796117, "10": 0.49514563106796117, "11": 0.47572815533980584, "12": 0.3883495145631068, "13": 0.44660194174757284, "14": 0.4854368932038835, "15": 0.46601941747572817, "16": 0.6893203883495146, "17": 0.6310679611650486, "18": 0.6116504854368932, "19": 0.6116504854368932, "20": 0.5825242718446602, "21": 0.5145631067961165, "22": 0.47572815533980584, "23": 0.4563106796116505, "24": 0.44660194174757284, "25": 0.32038834951456313, "26": 0.23300970873786409, "27": 0.10679611650485436, "28": 0.08737864077669903, "29": 0.06796116504854369, "30": 0.07766990291262135, "31": 0.18446601941747573, "32": 0.02912621359223301}