{"0": 0.0, "1": 0.0, "2": 0.0, "3": 0.0, "4": 0.0, "5": 0.02912621359223301, "6": 0.06796116504854369, "7": 0.1262135922330097, "8": 0.21359223300970873, "9": 0.20388349514563106, "10": 0.23300970873786409, "11": 0.30097087378640774, "12": 0.2621359223300971, "13": 0.2524271844660194, "14": 0.3592233009708738, "15": 0.2524271844660194, "16": 0.2912621359223301, "17": 0.13592233009708737, "18": 0.18446601941747573, "19": 0.0970873786407767, "20": 0.06796116504854369, "21": 0.05825242718446602, "22": 0.02912621359223301, "23": 0.009708737864077669, "24": 0.009708737864077669, "25": 0.0, "26": 0.0, "27": 0.0, "28": 0.0, "29": 0.0, "30": 0.0, "31": 0.009708737864077669, "32": 0.0}