{"0": 0.0, "1": 0.0, "2": 0.0, "3": 0.038834951456310676, "4": 0.10679611650485436, "5": 0.2621359223300971, "6": 0.2815533980582524, "7": 0.4368932038834951, "8": 0.5048543689320388, "9": 0.47572815533980584, "10": 0.46601941747572817, "11": 0.49514563106796117, "12": 0.36893203883495146, "13": 0.42718446601941745, "14": 0.44660194174757284, "15": 0.4077669902912621, "16": 0.5533980582524272, "17": 0.5145631067961165, "18": 0.5339805825242718, "19": 0.5339805825242718, "20": 0.5242718446601942, "21": 0.5048543689320388, "22": 0.44660194174757284, "23": 0.42718446601941745, "24": 0.4077669902912621, "25": 0.30097087378640774, "26": 0.1941747572815534, "27": 0.07766990291262135, "28": 0.04854368932038835, "29": 0.038834951456310676, "30": 0.009708737864077669, "31": 0.019417475728155338, "32": 0.0}