{"0": 0.009708737864077669, "1": 0.0, "2": 0.009708737864077669, "3": 0.05825242718446602, "4": 0.11650485436893204, "5": 0.33980582524271846, "6": 0.4368932038834951, "7": 0.5922330097087378, "8": 0.6504854368932039, "9": 0.6601941747572816, "10": 0.6699029126213593, "11": 0.6601941747572816, "12": 0.6116504854368932, "13": 0.6893203883495146, "14": 0.7281553398058253, "15": 0.6990291262135923, "16": 0.8446601941747572, "17": 0.7669902912621359, "18": 0.7864077669902912, "19": 0.7669902912621359, "20": 0.7378640776699029, "21": 0.7184466019417476, "22": 0.6893203883495146, "23": 0.6796116504854369, "24": 0.6699029126213593, "25": 0.6019417475728155, "26": 0.5436893203883495, "27": 0.32038834951456313, "28": 0.21359223300970873, "29": 0.13592233009708737, "30": 0.07766990291262135, "31": 0.13592233009708737, "32": 0.019417475728155338}