{"0": 0.0, "1": 0.0, "2": 0.0, "3": 0.0, "4": 0.0, "5": 0.019417475728155338, "6": 0.04854368932038835, "7": 0.06796116504854369, "8": 0.14563106796116504, "9": 0.11650485436893204, "10": 0.14563106796116504, "11": 0.1553398058252427, "12": 0.0970873786407767, "13": 0.1553398058252427, "14": 0.24271844660194175, "15": 0.14563106796116504, "16": 0.5048543689320388, "17": 0.47572815533980584, "18": 0.47572815533980584, "19": 0.3883495145631068, "20": 0.44660194174757284, "21": 0.4077669902912621, "22": 0.39805825242718446, "23": 0.32038834951456313, "24": 0.2524271844660194, "25": 0.27184466019417475, "26": 0.32038834951456313, "27": 0.1262135922330097, "28": 0.06796116504854369, "29": 0.05825242718446602, "30": 0.019417475728155338, "31": 0.06796116504854369, "32": 0.0}