{"0": 0.0, "1": 0.009708737864077669, "2": 0.0, "3": 0.0, "4": 0.0, "5": 0.02912621359223301, "6": 0.02912621359223301, "7": 0.04854368932038835, "8": 0.11650485436893204, "9": 0.13592233009708737, "10": 0.13592233009708737, "11": 0.1650485436893204, "12": 0.1553398058252427, "13": 0.23300970873786409, "14": 0.23300970873786409, "15": 0.21359223300970873, "16": 0.21359223300970873, "17": 0.1650485436893204, "18": 0.1262135922330097, "19": 0.07766990291262135, "20": 0.04854368932038835, "21": 0.05825242718446602, "22": 0.038834951456310676, "23": 0.019417475728155338, "24": 0.019417475728155338, "25": 0.009708737864077669, "26": 0.019417475728155338, "27": 0.009708737864077669, "28": 0.009708737864077669, "29": 0.009708737864077669, "30": 0.009708737864077669, "31": 0.019417475728155338, "32": 0.009708737864077669}