{"0": 0.019417475728155338, "1": 0.009708737864077669, "2": 0.009708737864077669, "3": 0.019417475728155338, "4": 0.019417475728155338, "5": 0.04854368932038835, "6": 0.038834951456310676, "7": 0.05825242718446602, "8": 0.06796116504854369, "9": 0.11650485436893204, "10": 0.0970873786407767, "11": 0.13592233009708737, "12": 0.17475728155339806, "13": 0.1650485436893204, "14": 0.18446601941747573, "15": 0.17475728155339806, "16": 0.14563106796116504, "17": 0.1262135922330097, "18": 0.14563106796116504, "19": 0.11650485436893204, "20": 0.06796116504854369, "21": 0.038834951456310676, "22": 0.038834951456310676, "23": 0.02912621359223301, "24": 0.02912621359223301, "25": 0.019417475728155338, "26": 0.019417475728155338, "27": 0.009708737864077669, "28": 0.009708737864077669, "29": 0.009708737864077669, "30": 0.009708737864077669, "31": 0.009708737864077669, "32": 0.0}