{"0": 0.019417475728155338, "1": 0.019417475728155338, "2": 0.019417475728155338, "3": 0.038834951456310676, "4": 0.1553398058252427, "5": 0.4174757281553398, "6": 0.5145631067961165, "7": 0.6893203883495146, "8": 0.7864077669902912, "9": 0.7864077669902912, "10": 0.7572815533980582, "11": 0.7378640776699029, "12": 0.7184466019417476, "13": 0.8155339805825242, "14": 0.8155339805825242, "15": 0.8155339805825242, "16": 0.912621359223301, "17": 0.883495145631068, "18": 0.8640776699029126, "19": 0.8446601941747572, "20": 0.8446601941747572, "21": 0.8349514563106796, "22": 0.8349514563106796, "23": 0.8252427184466019, "24": 0.8252427184466019, "25": 0.7961165048543689, "26": 0.7184466019417476, "27": 0.6310679611650486, "28": 0.46601941747572817, "29": 0.4077669902912621, "30": 0.3300970873786408, "31": 0.44660194174757284, "32": 0.1262135922330097}