{"0": 0.009708737864077669, "1": 0.009708737864077669, "2": 0.009708737864077669, "3": 0.019417475728155338, "4": 0.04854368932038835, "5": 0.0970873786407767, "6": 0.11650485436893204, "7": 0.2815533980582524, "8": 0.34951456310679613, "9": 0.34951456310679613, "10": 0.3883495145631068, "11": 0.3883495145631068, "12": 0.3786407766990291, "13": 0.4854368932038835, "14": 0.4854368932038835, "15": 0.3786407766990291, "16": 0.5242718446601942, "17": 0.4174757281553398, "18": 0.4174757281553398, "19": 0.33980582524271846, "20": 0.3106796116504854, "21": 0.27184466019417475, "22": 0.23300970873786409, "23": 0.17475728155339806, "24": 0.14563106796116504, "25": 0.11650485436893204, "26": 0.07766990291262135, "27": 0.06796116504854369, "28": 0.05825242718446602, "29": 0.02912621359223301, "30": 0.038834951456310676, "31": 0.05825242718446602, "32": 0.009708737864077669}