{"0": 0.02912621359223301, "1": 0.038834951456310676, "2": 0.06796116504854369, "3": 0.2815533980582524, "4": 0.4077669902912621, "5": 0.6310679611650486, "6": 0.7184466019417476, "7": 0.7864077669902912, "8": 0.7864077669902912, "9": 0.7572815533980582, "10": 0.7766990291262136, "11": 0.7669902912621359, "12": 0.7184466019417476, "13": 0.7475728155339806, "14": 0.7378640776699029, "15": 0.7475728155339806, "16": 0.8640776699029126, "17": 0.8349514563106796, "18": 0.8640776699029126, "19": 0.8640776699029126, "20": 0.8640776699029126, "21": 0.8155339805825242, "22": 0.8349514563106796, "23": 0.8058252427184466, "24": 0.7766990291262136, "25": 0.7669902912621359, "26": 0.7378640776699029, "27": 0.6796116504854369, "28": 0.5339805825242718, "29": 0.46601941747572817, "30": 0.33980582524271846, "31": 0.42718446601941745, "32": 0.10679611650485436}