{"0": 0.019417475728155338, "1": 0.019417475728155338, "2": 0.009708737864077669, "3": 0.019417475728155338, "4": 0.019417475728155338, "5": 0.038834951456310676, "6": 0.038834951456310676, "7": 0.06796116504854369, "8": 0.07766990291262135, "9": 0.07766990291262135, "10": 0.0970873786407767, "11": 0.0970873786407767, "12": 0.07766990291262135, "13": 0.1650485436893204, "14": 0.1650485436893204, "15": 0.11650485436893204, "16": 0.1553398058252427, "17": 0.11650485436893204, "18": 0.13592233009708737, "19": 0.10679611650485436, "20": 0.08737864077669903, "21": 0.07766990291262135, "22": 0.06796116504854369, "23": 0.05825242718446602, "24": 0.038834951456310676, "25": 0.038834951456310676, "26": 0.038834951456310676, "27": 0.009708737864077669, "28": 0.009708737864077669, "29": 0.009708737864077669, "30": 0.009708737864077669, "31": 0.009708737864077669, "32": 0.0}