{"0": 0.0, "1": 0.0, "2": 0.0, "3": 0.0, "4": 0.0, "5": 0.038834951456310676, "6": 0.038834951456310676, "7": 0.04854368932038835, "8": 0.04854368932038835, "9": 0.07766990291262135, "10": 0.07766990291262135, "11": 0.07766990291262135, "12": 0.05825242718446602, "13": 0.0970873786407767, "14": 0.17475728155339806, "15": 0.1262135922330097, "16": 0.24271844660194175, "17": 0.17475728155339806, "18": 0.17475728155339806, "19": 0.08737864077669903, "20": 0.13592233009708737, "21": 0.10679611650485436, "22": 0.0970873786407767, "23": 0.06796116504854369, "24": 0.06796116504854369, "25": 0.038834951456310676, "26": 0.04854368932038835, "27": 0.019417475728155338, "28": 0.009708737864077669, "29": 0.009708737864077669, "30": 0.019417475728155338, "31": 0.019417475728155338, "32": 0.0}