{"0": 0.0, "1": 0.0, "2": 0.0, "3": 0.0, "4": 0.0, "5": 0.019417475728155338, "6": 0.02912621359223301, "7": 0.04854368932038835, "8": 0.06796116504854369, "9": 0.038834951456310676, "10": 0.038834951456310676, "11": 0.07766990291262135, "12": 0.06796116504854369, "13": 0.05825242718446602, "14": 0.20388349514563106, "15": 0.24271844660194175, "16": 0.47572815533980584, "17": 0.4174757281553398, "18": 0.4563106796116505, "19": 0.2912621359223301, "20": 0.33980582524271846, "21": 0.2912621359223301, "22": 0.27184466019417475, "23": 0.23300970873786409, "24": 0.1941747572815534, "25": 0.18446601941747573, "26": 0.20388349514563106, "27": 0.06796116504854369, "28": 0.019417475728155338, "29": 0.009708737864077669, "30": 0.009708737864077669, "31": 0.04854368932038835, "32": 0.009708737864077669}