{"0": 0.0, "1": 0.0, "2": 0.0, "3": 0.0, "4": 0.019417475728155338, "5": 0.02912621359223301, "6": 0.038834951456310676, "7": 0.13592233009708737, "8": 0.24271844660194175, "9": 0.24271844660194175, "10": 0.21359223300970873, "11": 0.2524271844660194, "12": 0.24271844660194175, "13": 0.32038834951456313, "14": 0.32038834951456313, "15": 0.3106796116504854, "16": 0.3300970873786408, "17": 0.22330097087378642, "18": 0.2815533980582524, "19": 0.14563106796116504, "20": 0.1650485436893204, "21": 0.17475728155339806, "22": 0.1650485436893204, "23": 0.0970873786407767, "24": 0.05825242718446602, "25": 0.04854368932038835, "26": 0.038834951456310676, "27": 0.009708737864077669, "28": 0.0, "29": 0.0, "30": 0.0, "31": 0.009708737864077669, "32": 0.0}