{"0": 0.0, "1": 0.0, "2": 0.0, "3": 0.0, "4": 0.0, "5": 0.0, "6": 0.0, "7": 0.009708737864077669, "8": 0.009708737864077669, "9": 0.0, "10": 0.0, "11": 0.009708737864077669, "12": 0.038834951456310676, "13": 0.0, "14": 0.019417475728155338, "15": 0.019417475728155338, "16": 0.04854368932038835, "17": 0.05825242718446602, "18": 0.08737864077669903, "19": 0.02912621359223301, "20": 0.038834951456310676, "21": 0.02912621359223301, "22": 0.019417475728155338, "23": 0.019417475728155338, "24": 0.009708737864077669, "25": 0.0, "26": 0.0, "27": 0.0, "28": 0.0, "29": 0.0, "30": 0.0, "31": 0.0, "32": 0.0}