{"0": 0.009708737864077669, "1": 0.009708737864077669, "2": 0.0, "3": 0.0, "4": 0.009708737864077669, "5": 0.009708737864077669, "6": 0.019417475728155338, "7": 0.019417475728155338, "8": 0.038834951456310676, "9": 0.038834951456310676, "10": 0.04854368932038835, "11": 0.07766990291262135, "12": 0.07766990291262135, "13": 0.08737864077669903, "14": 0.11650485436893204, "15": 0.08737864077669903, "16": 0.05825242718446602, "17": 0.038834951456310676, "18": 0.02912621359223301, "19": 0.019417475728155338, "20": 0.019417475728155338, "21": 0.019417475728155338, "22": 0.019417475728155338, "23": 0.019417475728155338, "24": 0.019417475728155338, "25": 0.019417475728155338, "26": 0.009708737864077669, "27": 0.009708737864077669, "28": 0.0, "29": 0.0, "30": 0.0, "31": 0.009708737864077669, "32": 0.0}