{"0": 0.0, "1": 0.0, "2": 0.0, "3": 0.0, "4": 0.02912621359223301, "5": 0.04854368932038835, "6": 0.04854368932038835, "7": 0.1553398058252427, "8": 0.20388349514563106, "9": 0.22330097087378642, "10": 0.20388349514563106, "11": 0.2815533980582524, "12": 0.1941747572815534, "13": 0.21359223300970873, "14": 0.27184466019417475, "15": 0.23300970873786409, "16": 0.2912621359223301, "17": 0.20388349514563106, "18": 0.2524271844660194, "19": 0.0970873786407767, "20": 0.13592233009708737, "21": 0.07766990291262135, "22": 0.019417475728155338, "23": 0.009708737864077669, "24": 0.009708737864077669, "25": 0.009708737864077669, "26": 0.009708737864077669, "27": 0.0, "28": 0.0, "29": 0.0, "30": 0.0, "31": 0.0, "32": 0.0}