{"0": 0.02912621359223301, "1": 0.009708737864077669, "2": 0.009708737864077669, "3": 0.009708737864077669, "4": 0.10679611650485436, "5": 0.18446601941747573, "6": 0.2815533980582524, "7": 0.5048543689320388, "8": 0.6407766990291263, "9": 0.6019417475728155, "10": 0.6310679611650486, "11": 0.6601941747572816, "12": 0.6213592233009708, "13": 0.5922330097087378, "14": 0.6407766990291263, "15": 0.6019417475728155, "16": 0.7378640776699029, "17": 0.6796116504854369, "18": 0.6601941747572816, "19": 0.6699029126213593, "20": 0.6213592233009708, "21": 0.5922330097087378, "22": 0.5825242718446602, "23": 0.4854368932038835, "24": 0.4854368932038835, "25": 0.3883495145631068, "26": 0.39805825242718446, "27": 0.18446601941747573, "28": 0.0970873786407767, "29": 0.14563106796116504, "30": 0.0970873786407767, "31": 0.3106796116504854, "32": 0.14563106796116504}