{"0": 0.009708737864077669, "1": 0.009708737864077669, "2": 0.0, "3": 0.0, "4": 0.009708737864077669, "5": 0.02912621359223301, "6": 0.019417475728155338, "7": 0.019417475728155338, "8": 0.038834951456310676, "9": 0.04854368932038835, "10": 0.02912621359223301, "11": 0.038834951456310676, "12": 0.02912621359223301, "13": 0.06796116504854369, "14": 0.05825242718446602, "15": 0.04854368932038835, "16": 0.04854368932038835, "17": 0.04854368932038835, "18": 0.038834951456310676, "19": 0.02912621359223301, "20": 0.019417475728155338, "21": 0.02912621359223301, "22": 0.009708737864077669, "23": 0.0, "24": 0.0, "25": 0.0, "26": 0.0, "27": 0.0, "28": 0.0, "29": 0.0, "30": 0.0, "31": 0.0, "32": 0.0}