{"0": 0.0, "1": 0.0, "2": 0.0, "3": 0.0, "4": 0.038834951456310676, "5": 0.0970873786407767, "6": 0.14563106796116504, "7": 0.30097087378640774, "8": 0.33980582524271846, "9": 0.30097087378640774, "10": 0.2912621359223301, "11": 0.3786407766990291, "12": 0.32038834951456313, "13": 0.3300970873786408, "14": 0.3300970873786408, "15": 0.30097087378640774, "16": 0.4368932038834951, "17": 0.39805825242718446, "18": 0.4174757281553398, "19": 0.36893203883495146, "20": 0.36893203883495146, "21": 0.3300970873786408, "22": 0.36893203883495146, "23": 0.23300970873786409, "24": 0.24271844660194175, "25": 0.14563106796116504, "26": 0.1262135922330097, "27": 0.038834951456310676, "28": 0.019417475728155338, "29": 0.019417475728155338, "30": 0.009708737864077669, "31": 0.009708737864077669, "32": 0.0}