{"0": 0.0, "1": 0.0, "2": 0.0, "3": 0.0, "4": 0.0, "5": 0.019417475728155338, "6": 0.019417475728155338, "7": 0.019417475728155338, "8": 0.019417475728155338, "9": 0.038834951456310676, "10": 0.06796116504854369, "11": 0.06796116504854369, "12": 0.05825242718446602, "13": 0.06796116504854369, "14": 0.0970873786407767, "15": 0.07766990291262135, "16": 0.30097087378640774, "17": 0.20388349514563106, "18": 0.22330097087378642, "19": 0.11650485436893204, "20": 0.1553398058252427, "21": 0.1262135922330097, "22": 0.13592233009708737, "23": 0.10679611650485436, "24": 0.08737864077669903, "25": 0.11650485436893204, "26": 0.1262135922330097, "27": 0.07766990291262135, "28": 0.02912621359223301, "29": 0.019417475728155338, "30": 0.019417475728155338, "31": 0.038834951456310676, "32": 0.0}