{"0": 0.0, "1": 0.0, "2": 0.0, "3": 0.0, "4": 0.009708737864077669, "5": 0.06796116504854369, "6": 0.1262135922330097, "7": 0.2621359223300971, "8": 0.34951456310679613, "9": 0.30097087378640774, "10": 0.3106796116504854, "11": 0.3106796116504854, "12": 0.32038834951456313, "13": 0.36893203883495146, "14": 0.3786407766990291, "15": 0.30097087378640774, "16": 0.4077669902912621, "17": 0.3106796116504854, "18": 0.3592233009708738, "19": 0.3106796116504854, "20": 0.3106796116504854, "21": 0.2815533980582524, "22": 0.2524271844660194, "23": 0.21359223300970873, "24": 0.20388349514563106, "25": 0.11650485436893204, "26": 0.07766990291262135, "27": 0.019417475728155338, "28": 0.009708737864077669, "29": 0.0, "30": 0.009708737864077669, "31": 0.019417475728155338, "32": 0.019417475728155338}