{"0": 0.0, "1": 0.0, "2": 0.019417475728155338, "3": 0.038834951456310676, "4": 0.11650485436893204, "5": 0.2912621359223301, "6": 0.3883495145631068, "7": 0.5728155339805825, "8": 0.7281553398058253, "9": 0.6601941747572816, "10": 0.6990291262135923, "11": 0.7184466019417476, "12": 0.6504854368932039, "13": 0.7184466019417476, "14": 0.7669902912621359, "15": 0.7378640776699029, "16": 0.8640776699029126, "17": 0.7864077669902912, "18": 0.8252427184466019, "19": 0.8058252427184466, "20": 0.7961165048543689, "21": 0.7378640776699029, "22": 0.6699029126213593, "23": 0.6601941747572816, "24": 0.6310679611650486, "25": 0.47572815533980584, "26": 0.3786407766990291, "27": 0.22330097087378642, "28": 0.11650485436893204, "29": 0.07766990291262135, "30": 0.04854368932038835, "31": 0.1941747572815534, "32": 0.038834951456310676}