{"0": 0.009708737864077669, "1": 0.009708737864077669, "2": 0.0, "3": 0.0, "4": 0.009708737864077669, "5": 0.038834951456310676, "6": 0.05825242718446602, "7": 0.1553398058252427, "8": 0.27184466019417475, "9": 0.21359223300970873, "10": 0.24271844660194175, "11": 0.22330097087378642, "12": 0.20388349514563106, "13": 0.20388349514563106, "14": 0.2621359223300971, "15": 0.2524271844660194, "16": 0.30097087378640774, "17": 0.22330097087378642, "18": 0.23300970873786409, "19": 0.1941747572815534, "20": 0.17475728155339806, "21": 0.1553398058252427, "22": 0.13592233009708737, "23": 0.11650485436893204, "24": 0.0970873786407767, "25": 0.038834951456310676, "26": 0.02912621359223301, "27": 0.019417475728155338, "28": 0.009708737864077669, "29": 0.0, "30": 0.0, "31": 0.009708737864077669, "32": 0.0}