{"0": 0.009708737864077669, "1": 0.0, "2": 0.0, "3": 0.0, "4": 0.0, "5": 0.009708737864077669, "6": 0.019417475728155338, "7": 0.06796116504854369, "8": 0.1650485436893204, "9": 0.14563106796116504, "10": 0.14563106796116504, "11": 0.24271844660194175, "12": 0.24271844660194175, "13": 0.2815533980582524, "14": 0.3300970873786408, "15": 0.2815533980582524, "16": 0.24271844660194175, "17": 0.20388349514563106, "18": 0.1553398058252427, "19": 0.1262135922330097, "20": 0.08737864077669903, "21": 0.07766990291262135, "22": 0.04854368932038835, "23": 0.019417475728155338, "24": 0.019417475728155338, "25": 0.009708737864077669, "26": 0.009708737864077669, "27": 0.009708737864077669, "28": 0.0, "29": 0.0, "30": 0.0, "31": 0.009708737864077669, "32": 0.0}