{"0": 0.06796116504854369, "1": 0.06796116504854369, "2": 0.038834951456310676, "3": 0.14563106796116504, "4": 0.36893203883495146, "5": 0.6019417475728155, "6": 0.6504854368932039, "7": 0.7864077669902912, "8": 0.8252427184466019, "9": 0.8252427184466019, "10": 0.8446601941747572, "11": 0.8155339805825242, "12": 0.7766990291262136, "13": 0.8543689320388349, "14": 0.9223300970873787, "15": 0.9320388349514563, "16": 0.970873786407767, "17": 0.9514563106796117, "18": 0.9320388349514563, "19": 0.9320388349514563, "20": 0.9223300970873787, "21": 0.912621359223301, "22": 0.9223300970873787, "23": 0.9223300970873787, "24": 0.912621359223301, "25": 0.8737864077669902, "26": 0.8252427184466019, "27": 0.8058252427184466, "28": 0.6990291262135923, "29": 0.6213592233009708, "30": 0.5339805825242718, "31": 0.5145631067961165, "32": 0.14563106796116504}