{"0": 0.038834951456310676, "1": 0.04854368932038835, "2": 0.038834951456310676, "3": 0.1262135922330097, "4": 0.3883495145631068, "5": 0.6116504854368932, "6": 0.6796116504854369, "7": 0.7766990291262136, "8": 0.7961165048543689, "9": 0.7087378640776699, "10": 0.7669902912621359, "11": 0.7669902912621359, "12": 0.6699029126213593, "13": 0.7572815533980582, "14": 0.7281553398058253, "15": 0.6893203883495146, "16": 0.8155339805825242, "17": 0.7766990291262136, "18": 0.7669902912621359, "19": 0.7475728155339806, "20": 0.7378640776699029, "21": 0.7281553398058253, "22": 0.6796116504854369, "23": 0.6601941747572816, "24": 0.6601941747572816, "25": 0.5825242718446602, "26": 0.5728155339805825, "27": 0.32038834951456313, "28": 0.27184466019417475, "29": 0.22330097087378642, "30": 0.11650485436893204, "31": 0.23300970873786409, "32": 0.038834951456310676}