{"0": 0.0, "1": 0.0, "2": 0.0, "3": 0.0, "4": 0.0, "5": 0.019417475728155338, "6": 0.04854368932038835, "7": 0.0970873786407767, "8": 0.18446601941747573, "9": 0.23300970873786409, "10": 0.22330097087378642, "11": 0.27184466019417475, "12": 0.24271844660194175, "13": 0.2912621359223301, "14": 0.34951456310679613, "15": 0.39805825242718446, "16": 0.4563106796116505, "17": 0.3883495145631068, "18": 0.4368932038834951, "19": 0.36893203883495146, "20": 0.34951456310679613, "21": 0.27184466019417475, "22": 0.2524271844660194, "23": 0.2621359223300971, "24": 0.23300970873786409, "25": 0.10679611650485436, "26": 0.05825242718446602, "27": 0.02912621359223301, "28": 0.009708737864077669, "29": 0.0, "30": 0.0, "31": 0.009708737864077669, "32": 0.009708737864077669}