{"0": 0.009708737864077669, "1": 0.009708737864077669, "2": 0.009708737864077669, "3": 0.009708737864077669, "4": 0.019417475728155338, "5": 0.02912621359223301, "6": 0.038834951456310676, "7": 0.02912621359223301, "8": 0.05825242718446602, "9": 0.06796116504854369, "10": 0.04854368932038835, "11": 0.07766990291262135, "12": 0.07766990291262135, "13": 0.08737864077669903, "14": 0.0970873786407767, "15": 0.07766990291262135, "16": 0.06796116504854369, "17": 0.05825242718446602, "18": 0.05825242718446602, "19": 0.038834951456310676, "20": 0.019417475728155338, "21": 0.009708737864077669, "22": 0.009708737864077669, "23": 0.009708737864077669, "24": 0.009708737864077669, "25": 0.0, "26": 0.0, "27": 0.0, "28": 0.0, "29": 0.0, "30": 0.0, "31": 0.0, "32": 0.0}