{"0": 0.0, "1": 0.0, "2": 0.0, "3": 0.0, "4": 0.0, "5": 0.0, "6": 0.009708737864077669, "7": 0.019417475728155338, "8": 0.038834951456310676, "9": 0.019417475728155338, "10": 0.019417475728155338, "11": 0.019417475728155338, "12": 0.019417475728155338, "13": 0.02912621359223301, "14": 0.02912621359223301, "15": 0.019417475728155338, "16": 0.07766990291262135, "17": 0.07766990291262135, "18": 0.07766990291262135, "19": 0.038834951456310676, "20": 0.07766990291262135, "21": 0.07766990291262135, "22": 0.019417475728155338, "23": 0.038834951456310676, "24": 0.038834951456310676, "25": 0.009708737864077669, "26": 0.009708737864077669, "27": 0.0, "28": 0.0, "29": 0.0, "30": 0.0, "31": 0.009708737864077669, "32": 0.0}