{"0": 0.0, "1": 0.0, "2": 0.0, "3": 0.0, "4": 0.0, "5": 0.0, "6": 0.0, "7": 0.009708737864077669, "8": 0.038834951456310676, "9": 0.009708737864077669, "10": 0.019417475728155338, "11": 0.019417475728155338, "12": 0.02912621359223301, "13": 0.02912621359223301, "14": 0.07766990291262135, "15": 0.038834951456310676, "16": 0.2524271844660194, "17": 0.1941747572815534, "18": 0.17475728155339806, "19": 0.10679611650485436, "20": 0.14563106796116504, "21": 0.10679611650485436, "22": 0.05825242718446602, "23": 0.02912621359223301, "24": 0.009708737864077669, "25": 0.009708737864077669, "26": 0.009708737864077669, "27": 0.009708737864077669, "28": 0.009708737864077669, "29": 0.009708737864077669, "30": 0.02912621359223301, "31": 0.009708737864077669, "32": 0.0}