{"0": 0.0, "1": 0.0, "2": 0.019417475728155338, "3": 0.06796116504854369, "4": 0.17475728155339806, "5": 0.2815533980582524, "6": 0.4368932038834951, "7": 0.6407766990291263, "8": 0.7378640776699029, "9": 0.6990291262135923, "10": 0.7087378640776699, "11": 0.7184466019417476, "12": 0.6019417475728155, "13": 0.6601941747572816, "14": 0.6893203883495146, "15": 0.5436893203883495, "16": 0.7378640776699029, "17": 0.5922330097087378, "18": 0.6116504854368932, "19": 0.5436893203883495, "20": 0.5048543689320388, "21": 0.47572815533980584, "22": 0.4563106796116505, "23": 0.3786407766990291, "24": 0.3786407766990291, "25": 0.3106796116504854, "26": 0.2912621359223301, "27": 0.17475728155339806, "28": 0.10679611650485436, "29": 0.038834951456310676, "30": 0.08737864077669903, "31": 0.27184466019417475, "32": 0.10679611650485436}