{"0": 0.009708737864077669, "1": 0.009708737864077669, "2": 0.0, "3": 0.009708737864077669, "4": 0.019417475728155338, "5": 0.02912621359223301, "6": 0.02912621359223301, "7": 0.04854368932038835, "8": 0.04854368932038835, "9": 0.038834951456310676, "10": 0.05825242718446602, "11": 0.08737864077669903, "12": 0.038834951456310676, "13": 0.06796116504854369, "14": 0.05825242718446602, "15": 0.05825242718446602, "16": 0.02912621359223301, "17": 0.05825242718446602, "18": 0.04854368932038835, "19": 0.038834951456310676, "20": 0.009708737864077669, "21": 0.019417475728155338, "22": 0.009708737864077669, "23": 0.009708737864077669, "24": 0.009708737864077669, "25": 0.009708737864077669, "26": 0.009708737864077669, "27": 0.009708737864077669, "28": 0.009708737864077669, "29": 0.009708737864077669, "30": 0.009708737864077669, "31": 0.009708737864077669, "32": 0.0}