{"0": 0.009708737864077669, "1": 0.02912621359223301, "2": 0.02912621359223301, "3": 0.06796116504854369, "4": 0.1941747572815534, "5": 0.4077669902912621, "6": 0.44660194174757284, "7": 0.6213592233009708, "8": 0.6601941747572816, "9": 0.6116504854368932, "10": 0.6504854368932039, "11": 0.6601941747572816, "12": 0.5922330097087378, "13": 0.6990291262135923, "14": 0.6796116504854369, "15": 0.6601941747572816, "16": 0.7961165048543689, "17": 0.7669902912621359, "18": 0.7572815533980582, "19": 0.7378640776699029, "20": 0.7378640776699029, "21": 0.6699029126213593, "22": 0.6990291262135923, "23": 0.6699029126213593, "24": 0.6699029126213593, "25": 0.5728155339805825, "26": 0.5339805825242718, "27": 0.3883495145631068, "28": 0.2815533980582524, "29": 0.23300970873786409, "30": 0.11650485436893204, "31": 0.1262135922330097, "32": 0.05825242718446602}