{"0": 0.009708737864077669, "1": 0.04854368932038835, "2": 0.02912621359223301, "3": 0.1553398058252427, "4": 0.2524271844660194, "5": 0.47572815533980584, "6": 0.6213592233009708, "7": 0.7184466019417476, "8": 0.7475728155339806, "9": 0.7475728155339806, "10": 0.7378640776699029, "11": 0.7378640776699029, "12": 0.7087378640776699, "13": 0.7475728155339806, "14": 0.7572815533980582, "15": 0.7281553398058253, "16": 0.8155339805825242, "17": 0.8058252427184466, "18": 0.7961165048543689, "19": 0.8058252427184466, "20": 0.8155339805825242, "21": 0.8058252427184466, "22": 0.8155339805825242, "23": 0.8058252427184466, "24": 0.7864077669902912, "25": 0.7281553398058253, "26": 0.6796116504854369, "27": 0.6601941747572816, "28": 0.5533980582524272, "29": 0.49514563106796117, "30": 0.4077669902912621, "31": 0.32038834951456313, "32": 0.08737864077669903}