{"0": 0.019417475728155338, "1": 0.019417475728155338, "2": 0.0, "3": 0.038834951456310676, "4": 0.1650485436893204, "5": 0.3300970873786408, "6": 0.4077669902912621, "7": 0.5825242718446602, "8": 0.7087378640776699, "9": 0.7087378640776699, "10": 0.7184466019417476, "11": 0.7087378640776699, "12": 0.6504854368932039, "13": 0.7281553398058253, "14": 0.7572815533980582, "15": 0.7572815533980582, "16": 0.8543689320388349, "17": 0.8058252427184466, "18": 0.7864077669902912, "19": 0.7281553398058253, "20": 0.7475728155339806, "21": 0.7281553398058253, "22": 0.7184466019417476, "23": 0.7087378640776699, "24": 0.7281553398058253, "25": 0.5145631067961165, "26": 0.44660194174757284, "27": 0.2524271844660194, "28": 0.18446601941747573, "29": 0.11650485436893204, "30": 0.06796116504854369, "31": 0.1262135922330097, "32": 0.019417475728155338}