{"0": 0.02912621359223301, "1": 0.02912621359223301, "2": 0.019417475728155338, "3": 0.20388349514563106, "4": 0.47572815533980584, "5": 0.6893203883495146, "6": 0.7864077669902912, "7": 0.883495145631068, "8": 0.9029126213592233, "9": 0.8543689320388349, "10": 0.8543689320388349, "11": 0.8543689320388349, "12": 0.8252427184466019, "13": 0.8640776699029126, "14": 0.8640776699029126, "15": 0.8446601941747572, "16": 0.912621359223301, "17": 0.883495145631068, "18": 0.883495145631068, "19": 0.883495145631068, "20": 0.8737864077669902, "21": 0.8640776699029126, "22": 0.8543689320388349, "23": 0.8640776699029126, "24": 0.8446601941747572, "25": 0.8446601941747572, "26": 0.8446601941747572, "27": 0.7184466019417476, "28": 0.6407766990291263, "29": 0.5922330097087378, "30": 0.5533980582524272, "31": 0.6310679611650486, "32": 0.49514563106796117}