{"0": 0.0, "1": 0.0, "2": 0.0, "3": 0.0, "4": 0.0, "5": 0.0, "6": 0.019417475728155338, "7": 0.038834951456310676, "8": 0.038834951456310676, "9": 0.019417475728155338, "10": 0.04854368932038835, "11": 0.04854368932038835, "12": 0.05825242718446602, "13": 0.05825242718446602, "14": 0.06796116504854369, "15": 0.05825242718446602, "16": 0.20388349514563106, "17": 0.10679611650485436, "18": 0.10679611650485436, "19": 0.07766990291262135, "20": 0.07766990291262135, "21": 0.06796116504854369, "22": 0.04854368932038835, "23": 0.04854368932038835, "24": 0.019417475728155338, "25": 0.009708737864077669, "26": 0.0, "27": 0.0, "28": 0.0, "29": 0.0, "30": 0.009708737864077669, "31": 0.019417475728155338, "32": 0.0}