{"0": 0.009708737864077669, "1": 0.009708737864077669, "2": 0.009708737864077669, "3": 0.04854368932038835, "4": 0.18446601941747573, "5": 0.3300970873786408, "6": 0.33980582524271846, "7": 0.5145631067961165, "8": 0.6213592233009708, "9": 0.47572815533980584, "10": 0.4563106796116505, "11": 0.4174757281553398, "12": 0.2912621359223301, "13": 0.3883495145631068, "14": 0.46601941747572817, "15": 0.42718446601941745, "16": 0.6310679611650486, "17": 0.5048543689320388, "18": 0.5339805825242718, "19": 0.46601941747572817, "20": 0.5145631067961165, "21": 0.4077669902912621, "22": 0.36893203883495146, "23": 0.34951456310679613, "24": 0.33980582524271846, "25": 0.2912621359223301, "26": 0.2621359223300971, "27": 0.17475728155339806, "28": 0.0970873786407767, "29": 0.05825242718446602, "30": 0.02912621359223301, "31": 0.038834951456310676, "32": 0.04854368932038835}