{"0": 0.019417475728155338, "1": 0.019417475728155338, "2": 0.0, "3": 0.009708737864077669, "4": 0.08737864077669903, "5": 0.2524271844660194, "6": 0.2912621359223301, "7": 0.44660194174757284, "8": 0.5533980582524272, "9": 0.5048543689320388, "10": 0.47572815533980584, "11": 0.49514563106796117, "12": 0.32038834951456313, "13": 0.39805825242718446, "14": 0.42718446601941745, "15": 0.4174757281553398, "16": 0.5728155339805825, "17": 0.44660194174757284, "18": 0.4563106796116505, "19": 0.42718446601941745, "20": 0.44660194174757284, "21": 0.39805825242718446, "22": 0.36893203883495146, "23": 0.32038834951456313, "24": 0.30097087378640774, "25": 0.24271844660194175, "26": 0.17475728155339806, "27": 0.05825242718446602, "28": 0.038834951456310676, "29": 0.019417475728155338, "30": 0.009708737864077669, "31": 0.02912621359223301, "32": 0.009708737864077669}