{"0": 0.0, "1": 0.0, "2": 0.0, "3": 0.0, "4": 0.0, "5": 0.038834951456310676, "6": 0.038834951456310676, "7": 0.08737864077669903, "8": 0.14563106796116504, "9": 0.17475728155339806, "10": 0.14563106796116504, "11": 0.1941747572815534, "12": 0.1941747572815534, "13": 0.1650485436893204, "14": 0.21359223300970873, "15": 0.2815533980582524, "16": 0.2815533980582524, "17": 0.21359223300970873, "18": 0.24271844660194175, "19": 0.13592233009708737, "20": 0.1262135922330097, "21": 0.0970873786407767, "22": 0.07766990291262135, "23": 0.06796116504854369, "24": 0.05825242718446602, "25": 0.009708737864077669, "26": 0.019417475728155338, "27": 0.0, "28": 0.0, "29": 0.0, "30": 0.0, "31": 0.0, "32": 0.009708737864077669}