{"0": 0.019417475728155338, "1": 0.07766990291262135, "2": 0.019417475728155338, "3": 0.14563106796116504, "4": 0.2621359223300971, "5": 0.4077669902912621, "6": 0.47572815533980584, "7": 0.6310679611650486, "8": 0.7087378640776699, "9": 0.6019417475728155, "10": 0.6893203883495146, "11": 0.6893203883495146, "12": 0.6213592233009708, "13": 0.6601941747572816, "14": 0.6893203883495146, "15": 0.6796116504854369, "16": 0.8155339805825242, "17": 0.7669902912621359, "18": 0.7669902912621359, "19": 0.7184466019417476, "20": 0.7087378640776699, "21": 0.6990291262135923, "22": 0.6893203883495146, "23": 0.6699029126213593, "24": 0.6796116504854369, "25": 0.6407766990291263, "26": 0.6310679611650486, "27": 0.5728155339805825, "28": 0.5145631067961165, "29": 0.4563106796116505, "30": 0.30097087378640774, "31": 0.2524271844660194, "32": 0.04854368932038835}