{"0": 0.0, "1": 0.0, "2": 0.019417475728155338, "3": 0.02912621359223301, "4": 0.08737864077669903, "5": 0.27184466019417475, "6": 0.3592233009708738, "7": 0.5922330097087378, "8": 0.6601941747572816, "9": 0.5922330097087378, "10": 0.6116504854368932, "11": 0.5728155339805825, "12": 0.5145631067961165, "13": 0.5825242718446602, "14": 0.5728155339805825, "15": 0.5436893203883495, "16": 0.7475728155339806, "17": 0.6019417475728155, "18": 0.6310679611650486, "19": 0.6116504854368932, "20": 0.6213592233009708, "21": 0.5825242718446602, "22": 0.5436893203883495, "23": 0.5145631067961165, "24": 0.5048543689320388, "25": 0.4368932038834951, "26": 0.4368932038834951, "27": 0.18446601941747573, "28": 0.13592233009708737, "29": 0.07766990291262135, "30": 0.019417475728155338, "31": 0.04854368932038835, "32": 0.038834951456310676}