{"0": 0.0, "1": 0.009708737864077669, "2": 0.0, "3": 0.0, "4": 0.0, "5": 0.019417475728155338, "6": 0.009708737864077669, "7": 0.02912621359223301, "8": 0.02912621359223301, "9": 0.038834951456310676, "10": 0.04854368932038835, "11": 0.038834951456310676, "12": 0.05825242718446602, "13": 0.06796116504854369, "14": 0.04854368932038835, "15": 0.038834951456310676, "16": 0.038834951456310676, "17": 0.038834951456310676, "18": 0.04854368932038835, "19": 0.019417475728155338, "20": 0.02912621359223301, "21": 0.019417475728155338, "22": 0.009708737864077669, "23": 0.009708737864077669, "24": 0.0, "25": 0.0, "26": 0.0, "27": 0.0, "28": 0.0, "29": 0.0, "30": 0.0, "31": 0.0, "32": 0.0}