{"0": 0.009708737864077669, "1": 0.009708737864077669, "2": 0.009708737864077669, "3": 0.019417475728155338, "4": 0.019417475728155338, "5": 0.038834951456310676, "6": 0.038834951456310676, "7": 0.08737864077669903, "8": 0.11650485436893204, "9": 0.11650485436893204, "10": 0.10679611650485436, "11": 0.11650485436893204, "12": 0.10679611650485436, "13": 0.11650485436893204, "14": 0.1262135922330097, "15": 0.10679611650485436, "16": 0.14563106796116504, "17": 0.1262135922330097, "18": 0.1262135922330097, "19": 0.10679611650485436, "20": 0.08737864077669903, "21": 0.07766990291262135, "22": 0.04854368932038835, "23": 0.02912621359223301, "24": 0.02912621359223301, "25": 0.019417475728155338, "26": 0.019417475728155338, "27": 0.009708737864077669, "28": 0.0, "29": 0.0, "30": 0.0, "31": 0.0, "32": 0.009708737864077669}