{"0": 0.038834951456310676, "1": 0.04854368932038835, "2": 0.019417475728155338, "3": 0.07766990291262135, "4": 0.24271844660194175, "5": 0.4368932038834951, "6": 0.47572815533980584, "7": 0.6019417475728155, "8": 0.7184466019417476, "9": 0.6213592233009708, "10": 0.6990291262135923, "11": 0.6699029126213593, "12": 0.6213592233009708, "13": 0.7087378640776699, "14": 0.6699029126213593, "15": 0.6116504854368932, "16": 0.7961165048543689, "17": 0.7475728155339806, "18": 0.7475728155339806, "19": 0.7087378640776699, "20": 0.6893203883495146, "21": 0.6310679611650486, "22": 0.6213592233009708, "23": 0.5922330097087378, "24": 0.5825242718446602, "25": 0.5048543689320388, "26": 0.49514563106796117, "27": 0.4174757281553398, "28": 0.2621359223300971, "29": 0.21359223300970873, "30": 0.11650485436893204, "31": 0.2912621359223301, "32": 0.009708737864077669}