{"0": 0.0, "1": 0.009708737864077669, "2": 0.009708737864077669, "3": 0.009708737864077669, "4": 0.019417475728155338, "5": 0.038834951456310676, "6": 0.04854368932038835, "7": 0.1553398058252427, "8": 0.30097087378640774, "9": 0.2815533980582524, "10": 0.32038834951456313, "11": 0.4174757281553398, "12": 0.34951456310679613, "13": 0.4077669902912621, "14": 0.46601941747572817, "15": 0.3106796116504854, "16": 0.4174757281553398, "17": 0.27184466019417475, "18": 0.24271844660194175, "19": 0.1650485436893204, "20": 0.1262135922330097, "21": 0.10679611650485436, "22": 0.0970873786407767, "23": 0.0970873786407767, "24": 0.08737864077669903, "25": 0.04854368932038835, "26": 0.04854368932038835, "27": 0.02912621359223301, "28": 0.019417475728155338, "29": 0.009708737864077669, "30": 0.009708737864077669, "31": 0.009708737864077669, "32": 0.019417475728155338}