{"0": 0.0, "1": 0.0, "2": 0.0, "3": 0.0, "4": 0.0, "5": 0.0, "6": 0.04854368932038835, "7": 0.06796116504854369, "8": 0.07766990291262135, "9": 0.07766990291262135, "10": 0.1262135922330097, "11": 0.05825242718446602, "12": 0.05825242718446602, "13": 0.06796116504854369, "14": 0.1553398058252427, "15": 0.0970873786407767, "16": 0.3106796116504854, "17": 0.18446601941747573, "18": 0.22330097087378642, "19": 0.13592233009708737, "20": 0.1553398058252427, "21": 0.0970873786407767, "22": 0.08737864077669903, "23": 0.038834951456310676, "24": 0.02912621359223301, "25": 0.04854368932038835, "26": 0.04854368932038835, "27": 0.019417475728155338, "28": 0.009708737864077669, "29": 0.009708737864077669, "30": 0.009708737864077669, "31": 0.019417475728155338, "32": 0.0}