{"0": 0.0, "1": 0.0, "2": 0.0, "3": 0.0, "4": 0.0, "5": 0.02912621359223301, "6": 0.06796116504854369, "7": 0.08737864077669903, "8": 0.0970873786407767, "9": 0.06796116504854369, "10": 0.1553398058252427, "11": 0.10679611650485436, "12": 0.14563106796116504, "13": 0.1262135922330097, "14": 0.17475728155339806, "15": 0.14563106796116504, "16": 0.32038834951456313, "17": 0.23300970873786409, "18": 0.23300970873786409, "19": 0.1262135922330097, "20": 0.18446601941747573, "21": 0.1553398058252427, "22": 0.13592233009708737, "23": 0.0970873786407767, "24": 0.08737864077669903, "25": 0.07766990291262135, "26": 0.10679611650485436, "27": 0.05825242718446602, "28": 0.009708737864077669, "29": 0.009708737864077669, "30": 0.009708737864077669, "31": 0.038834951456310676, "32": 0.0}