{"0": 0.0, "1": 0.0, "2": 0.0, "3": 0.0, "4": 0.0, "5": 0.02912621359223301, "6": 0.019417475728155338, "7": 0.13592233009708737, "8": 0.21359223300970873, "9": 0.1553398058252427, "10": 0.17475728155339806, "11": 0.22330097087378642, "12": 0.23300970873786409, "13": 0.24271844660194175, "14": 0.3592233009708738, "15": 0.20388349514563106, "16": 0.32038834951456313, "17": 0.23300970873786409, "18": 0.21359223300970873, "19": 0.1650485436893204, "20": 0.1553398058252427, "21": 0.14563106796116504, "22": 0.0970873786407767, "23": 0.02912621359223301, "24": 0.009708737864077669, "25": 0.009708737864077669, "26": 0.0, "27": 0.0, "28": 0.0, "29": 0.0, "30": 0.0, "31": 0.0, "32": 0.0}