{"0": 0.019417475728155338, "1": 0.009708737864077669, "2": 0.009708737864077669, "3": 0.019417475728155338, "4": 0.019417475728155338, "5": 0.05825242718446602, "6": 0.1262135922330097, "7": 0.2621359223300971, "8": 0.4368932038834951, "9": 0.3883495145631068, "10": 0.44660194174757284, "11": 0.49514563106796117, "12": 0.44660194174757284, "13": 0.5339805825242718, "14": 0.6407766990291263, "15": 0.6019417475728155, "16": 0.7475728155339806, "17": 0.6407766990291263, "18": 0.6601941747572816, "19": 0.6407766990291263, "20": 0.6504854368932039, "21": 0.5436893203883495, "22": 0.5339805825242718, "23": 0.4563106796116505, "24": 0.39805825242718446, "25": 0.24271844660194175, "26": 0.1262135922330097, "27": 0.10679611650485436, "28": 0.05825242718446602, "29": 0.02912621359223301, "30": 0.02912621359223301, "31": 0.06796116504854369, "32": 0.04854368932038835}