{"0": 0.0, "1": 0.0, "2": 0.0, "3": 0.0, "4": 0.019417475728155338, "5": 0.06796116504854369, "6": 0.08737864077669903, "7": 0.21359223300970873, "8": 0.27184466019417475, "9": 0.2524271844660194, "10": 0.2912621359223301, "11": 0.2524271844660194, "12": 0.27184466019417475, "13": 0.3106796116504854, "14": 0.42718446601941745, "15": 0.3786407766990291, "16": 0.5533980582524272, "17": 0.49514563106796117, "18": 0.49514563106796117, "19": 0.36893203883495146, "20": 0.34951456310679613, "21": 0.33980582524271846, "22": 0.24271844660194175, "23": 0.17475728155339806, "24": 0.1553398058252427, "25": 0.0970873786407767, "26": 0.0970873786407767, "27": 0.02912621359223301, "28": 0.009708737864077669, "29": 0.009708737864077669, "30": 0.02912621359223301, "31": 0.11650485436893204, "32": 0.038834951456310676}