{"0": 0.009708737864077669, "1": 0.02912621359223301, "2": 0.009708737864077669, "3": 0.009708737864077669, "4": 0.009708737864077669, "5": 0.019417475728155338, "6": 0.02912621359223301, "7": 0.038834951456310676, "8": 0.04854368932038835, "9": 0.04854368932038835, "10": 0.04854368932038835, "11": 0.07766990291262135, "12": 0.0970873786407767, "13": 0.06796116504854369, "14": 0.08737864077669903, "15": 0.05825242718446602, "16": 0.07766990291262135, "17": 0.05825242718446602, "18": 0.05825242718446602, "19": 0.038834951456310676, "20": 0.02912621359223301, "21": 0.02912621359223301, "22": 0.019417475728155338, "23": 0.019417475728155338, "24": 0.009708737864077669, "25": 0.009708737864077669, "26": 0.0, "27": 0.0, "28": 0.0, "29": 0.0, "30": 0.0, "31": 0.0, "32": 0.0}