{"0": 0.009708737864077669, "1": 0.009708737864077669, "2": 0.009708737864077669, "3": 0.009708737864077669, "4": 0.009708737864077669, "5": 0.02912621359223301, "6": 0.02912621359223301, "7": 0.02912621359223301, "8": 0.038834951456310676, "9": 0.038834951456310676, "10": 0.038834951456310676, "11": 0.04854368932038835, "12": 0.02912621359223301, "13": 0.02912621359223301, "14": 0.02912621359223301, "15": 0.02912621359223301, "16": 0.038834951456310676, "17": 0.019417475728155338, "18": 0.02912621359223301, "19": 0.019417475728155338, "20": 0.009708737864077669, "21": 0.009708737864077669, "22": 0.009708737864077669, "23": 0.009708737864077669, "24": 0.009708737864077669, "25": 0.009708737864077669, "26": 0.0, "27": 0.0, "28": 0.0, "29": 0.0, "30": 0.0, "31": 0.0, "32": 0.0}