{"0": 0.0, "1": 0.0, "2": 0.0, "3": 0.019417475728155338, "4": 0.1262135922330097, "5": 0.27184466019417475, "6": 0.3786407766990291, "7": 0.5533980582524272, "8": 0.6407766990291263, "9": 0.5922330097087378, "10": 0.5436893203883495, "11": 0.4854368932038835, "12": 0.4368932038834951, "13": 0.47572815533980584, "14": 0.4563106796116505, "15": 0.3300970873786408, "16": 0.5242718446601942, "17": 0.46601941747572817, "18": 0.49514563106796117, "19": 0.42718446601941745, "20": 0.4368932038834951, "21": 0.3883495145631068, "22": 0.3786407766990291, "23": 0.3300970873786408, "24": 0.24271844660194175, "25": 0.23300970873786409, "26": 0.23300970873786409, "27": 0.07766990291262135, "28": 0.02912621359223301, "29": 0.009708737864077669, "30": 0.0, "31": 0.038834951456310676, "32": 0.009708737864077669}