{"0": 0.0, "1": 0.019417475728155338, "2": 0.02912621359223301, "3": 0.1262135922330097, "4": 0.34951456310679613, "5": 0.5242718446601942, "6": 0.5825242718446602, "7": 0.7475728155339806, "8": 0.8446601941747572, "9": 0.7669902912621359, "10": 0.7766990291262136, "11": 0.7475728155339806, "12": 0.6893203883495146, "13": 0.7087378640776699, "14": 0.7378640776699029, "15": 0.7184466019417476, "16": 0.8737864077669902, "17": 0.8252427184466019, "18": 0.8155339805825242, "19": 0.7864077669902912, "20": 0.7475728155339806, "21": 0.6990291262135923, "22": 0.6796116504854369, "23": 0.6407766990291263, "24": 0.6213592233009708, "25": 0.5825242718446602, "26": 0.5728155339805825, "27": 0.5145631067961165, "28": 0.44660194174757284, "29": 0.34951456310679613, "30": 0.3106796116504854, "31": 0.42718446601941745, "32": 0.18446601941747573}