{"0": 0.0, "1": 0.0, "2": 0.0, "3": 0.0, "4": 0.02912621359223301, "5": 0.06796116504854369, "6": 0.08737864077669903, "7": 0.18446601941747573, "8": 0.2815533980582524, "9": 0.3300970873786408, "10": 0.34951456310679613, "11": 0.34951456310679613, "12": 0.3106796116504854, "13": 0.3786407766990291, "14": 0.42718446601941745, "15": 0.3106796116504854, "16": 0.5145631067961165, "17": 0.39805825242718446, "18": 0.39805825242718446, "19": 0.4077669902912621, "20": 0.36893203883495146, "21": 0.34951456310679613, "22": 0.24271844660194175, "23": 0.17475728155339806, "24": 0.17475728155339806, "25": 0.10679611650485436, "26": 0.0970873786407767, "27": 0.02912621359223301, "28": 0.019417475728155338, "29": 0.019417475728155338, "30": 0.019417475728155338, "31": 0.05825242718446602, "32": 0.019417475728155338}