{"0": 0.0, "1": 0.0, "2": 0.0, "3": 0.0, "4": 0.0, "5": 0.0, "6": 0.05825242718446602, "7": 0.0970873786407767, "8": 0.1553398058252427, "9": 0.2524271844660194, "10": 0.22330097087378642, "11": 0.22330097087378642, "12": 0.24271844660194175, "13": 0.2815533980582524, "14": 0.36893203883495146, "15": 0.2524271844660194, "16": 0.27184466019417475, "17": 0.21359223300970873, "18": 0.1941747572815534, "19": 0.1553398058252427, "20": 0.1553398058252427, "21": 0.1262135922330097, "22": 0.0970873786407767, "23": 0.05825242718446602, "24": 0.06796116504854369, "25": 0.019417475728155338, "26": 0.009708737864077669, "27": 0.0, "28": 0.0, "29": 0.0, "30": 0.0, "31": 0.009708737864077669, "32": 0.0}