{"0": 0.0, "1": 0.019417475728155338, "2": 0.02912621359223301, "3": 0.04854368932038835, "4": 0.14563106796116504, "5": 0.2815533980582524, "6": 0.4077669902912621, "7": 0.5533980582524272, "8": 0.6601941747572816, "9": 0.5728155339805825, "10": 0.5631067961165048, "11": 0.6213592233009708, "12": 0.5533980582524272, "13": 0.6310679611650486, "14": 0.6407766990291263, "15": 0.6213592233009708, "16": 0.7184466019417476, "17": 0.6990291262135923, "18": 0.6990291262135923, "19": 0.6893203883495146, "20": 0.6796116504854369, "21": 0.6699029126213593, "22": 0.6601941747572816, "23": 0.6213592233009708, "24": 0.5922330097087378, "25": 0.5436893203883495, "26": 0.5533980582524272, "27": 0.4563106796116505, "28": 0.3106796116504854, "29": 0.22330097087378642, "30": 0.17475728155339806, "31": 0.2815533980582524, "32": 0.11650485436893204}