{"0": 0.009708737864077669, "1": 0.009708737864077669, "2": 0.009708737864077669, "3": 0.0, "4": 0.019417475728155338, "5": 0.038834951456310676, "6": 0.04854368932038835, "7": 0.0970873786407767, "8": 0.13592233009708737, "9": 0.14563106796116504, "10": 0.13592233009708737, "11": 0.18446601941747573, "12": 0.1941747572815534, "13": 0.23300970873786409, "14": 0.30097087378640774, "15": 0.2621359223300971, "16": 0.2621359223300971, "17": 0.23300970873786409, "18": 0.21359223300970873, "19": 0.1553398058252427, "20": 0.11650485436893204, "21": 0.04854368932038835, "22": 0.038834951456310676, "23": 0.019417475728155338, "24": 0.019417475728155338, "25": 0.019417475728155338, "26": 0.019417475728155338, "27": 0.0, "28": 0.0, "29": 0.0, "30": 0.0, "31": 0.0, "32": 0.0}