{"0": 0.019417475728155338, "1": 0.019417475728155338, "2": 0.0, "3": 0.0, "4": 0.009708737864077669, "5": 0.009708737864077669, "6": 0.009708737864077669, "7": 0.019417475728155338, "8": 0.019417475728155338, "9": 0.02912621359223301, "10": 0.019417475728155338, "11": 0.038834951456310676, "12": 0.02912621359223301, "13": 0.038834951456310676, "14": 0.04854368932038835, "15": 0.02912621359223301, "16": 0.019417475728155338, "17": 0.019417475728155338, "18": 0.009708737864077669, "19": 0.0, "20": 0.0, "21": 0.0, "22": 0.0, "23": 0.0, "24": 0.0, "25": 0.0, "26": 0.0, "27": 0.0, "28": 0.0, "29": 0.0, "30": 0.0, "31": 0.0, "32": 0.0}