{"0": 0.0, "1": 0.0, "2": 0.0, "3": 0.0, "4": 0.0, "5": 0.009708737864077669, "6": 0.009708737864077669, "7": 0.02912621359223301, "8": 0.04854368932038835, "9": 0.04854368932038835, "10": 0.06796116504854369, "11": 0.04854368932038835, "12": 0.07766990291262135, "13": 0.08737864077669903, "14": 0.07766990291262135, "15": 0.07766990291262135, "16": 0.06796116504854369, "17": 0.05825242718446602, "18": 0.04854368932038835, "19": 0.06796116504854369, "20": 0.06796116504854369, "21": 0.038834951456310676, "22": 0.019417475728155338, "23": 0.019417475728155338, "24": 0.019417475728155338, "25": 0.019417475728155338, "26": 0.009708737864077669, "27": 0.0, "28": 0.0, "29": 0.0, "30": 0.0, "31": 0.009708737864077669, "32": 0.0}