{"0": 0.009708737864077669, "1": 0.009708737864077669, "2": 0.0, "3": 0.019417475728155338, "4": 0.019417475728155338, "5": 0.038834951456310676, "6": 0.04854368932038835, "7": 0.1262135922330097, "8": 0.1941747572815534, "9": 0.1553398058252427, "10": 0.1553398058252427, "11": 0.1650485436893204, "12": 0.17475728155339806, "13": 0.20388349514563106, "14": 0.30097087378640774, "15": 0.27184466019417475, "16": 0.47572815533980584, "17": 0.3592233009708738, "18": 0.4077669902912621, "19": 0.3106796116504854, "20": 0.1941747572815534, "21": 0.20388349514563106, "22": 0.11650485436893204, "23": 0.05825242718446602, "24": 0.02912621359223301, "25": 0.019417475728155338, "26": 0.009708737864077669, "27": 0.0, "28": 0.0, "29": 0.0, "30": 0.0, "31": 0.009708737864077669, "32": 0.009708737864077669}