{"0": 0.0, "1": 0.0, "2": 0.009708737864077669, "3": 0.009708737864077669, "4": 0.009708737864077669, "5": 0.009708737864077669, "6": 0.009708737864077669, "7": 0.019417475728155338, "8": 0.038834951456310676, "9": 0.04854368932038835, "10": 0.038834951456310676, "11": 0.05825242718446602, "12": 0.05825242718446602, "13": 0.0970873786407767, "14": 0.0970873786407767, "15": 0.0970873786407767, "16": 0.07766990291262135, "17": 0.04854368932038835, "18": 0.038834951456310676, "19": 0.038834951456310676, "20": 0.038834951456310676, "21": 0.02912621359223301, "22": 0.02912621359223301, "23": 0.02912621359223301, "24": 0.02912621359223301, "25": 0.02912621359223301, "26": 0.02912621359223301, "27": 0.009708737864077669, "28": 0.009708737864077669, "29": 0.0, "30": 0.0, "31": 0.009708737864077669, "32": 0.0}